tmfc,lat,lon,t2m,psl
2026022200,-86.2688,-33.5118,,
2026022200,-64.6126,42.0139,,
2026022200,-54.0322,-5.2539,,
2026022200,5.1246,52.1926,,
2026022200,13.2765,41.4556,,
2026022200,-5.5405,85.1267,,
2026022200,-58.5763,-136.9324,,
2026022200,-24.1594,-4.302,,
2026022200,-18.1106,117.4825,,
2026022200,-16.6171,-112.267,,
2026022200,28.0551,19.3057,,
2026022200,44.1569,135.0991,,
2026022200,5.8506,-122.1354,,
2026022200,-33.0951,41.8577,,
2026022200,-59.3714,48.3341,,
2026022200,-27.96,-141.9073,,
2026022200,-15.959,153.1564,,
2026022200,-22.033,78.5401,,
2026022200,-31.4523,-53.7227,,
2026022200,-18.6762,-118.4332,,
2026022200,50.7558,105.1937,,
2026022200,31.9164,-35.7934,,
2026022200,-48.2179,36.1501,,
2026022200,7.8201,-81.1665,,
2026022200,45.8533,-74.4682,,
2026022200,16.1661,-155.5425,,
2026022200,-50.292,-48.3178,,
2026022200,28.27,-67.9019,,
2026022200,-65.4372,43.6317,,
2026022200,-37.5112,-114.6647,,
2026022600,-86.2688,-33.5118,236.09,98867.8
2026022600,-64.6126,42.0139,273.941,99346.0
2026022600,-54.0322,-5.2539,274.715,99370.0
2026022600,5.1246,52.1926,299.808,101042.0
2026022600,13.2765,41.4556,297.11,101112.0
2026022600,-5.5405,85.1267,300.749,100922.0
2026022600,-58.5763,-136.9324,276.047,99753.3
2026022600,-24.1594,-4.302,297.093,101760.0
2026022600,-18.1106,117.4825,302.092,100599.0
2026022600,-16.6171,-112.267,298.496,101202.0
2026022600,28.0551,19.3057,284.379,102319.0
2026022600,44.1569,135.0991,267.793,102541.0
2026022600,5.8506,-122.1354,300.028,100789.0
2026022600,-33.0951,41.8577,296.239,101021.0
2026022600,-59.3714,48.3341,274.463,100516.0
2026022600,-27.96,-141.9073,299.628,101487.0
2026022600,-15.959,153.1564,300.552,100367.0
2026022600,-22.033,78.5401,297.634,101450.0
2026022600,-31.4523,-53.7227,293.922,101057.0
2026022600,-18.6762,-118.4332,299.134,101367.0
2026022600,50.7558,105.1937,247.784,103420.0
2026022600,31.9164,-35.7934,292.229,103126.0
2026022600,-48.2179,36.1501,280.217,99920.7
2026022600,7.8201,-81.1665,299.885,100834.0
2026022600,45.8533,-74.4682,266.202,99911.3
2026022600,16.1661,-155.5425,296.927,101218.0
2026022600,-50.292,-48.3178,282.018,100053.0
2026022600,28.27,-67.9019,292.179,102402.0
2026022600,-65.4372,43.6317,273.524,99147.9
2026022600,-37.5112,-114.6647,295.019,101671.0
2026030100,-86.2688,-33.5118,234.75,99300.8
2026030100,-64.6126,42.0139,273.306,98500.4
2026030100,-54.0322,-5.2539,276.098,100145.0
2026030100,5.1246,52.1926,300.473,100856.0
2026030100,13.2765,41.4556,299.237,100784.0
2026030100,-5.5405,85.1267,300.336,100749.0
2026030100,-58.5763,-136.9324,275.622,100208.0
2026030100,-24.1594,-4.302,296.407,101798.0
2026030100,-18.1106,117.4825,302.018,100259.0
2026030100,-16.6171,-112.267,298.402,101119.0
2026030100,28.0551,19.3057,282.305,102322.0
2026030100,44.1569,135.0991,261.038,102623.0
2026030100,5.8506,-122.1354,300.232,100748.0
2026030100,-33.0951,41.8577,296.775,101008.0
2026030100,-59.3714,48.3341,275.169,98884.4
2026030100,-27.96,-141.9073,298.833,101581.0
2026030100,-15.959,153.1564,302.033,100358.0
2026030100,-22.033,78.5401,298.187,101491.0
2026030100,-31.4523,-53.7227,294.318,101339.0
2026030100,-18.6762,-118.4332,299.157,101171.0
2026030100,50.7558,105.1937,246.188,103345.0
2026030100,31.9164,-35.7934,291.99,103424.0
2026030100,-48.2179,36.1501,280.005,98727.1
2026030100,7.8201,-81.1665,301.981,100684.0
2026030100,45.8533,-74.4682,266.814,101901.0
2026030100,16.1661,-155.5425,297.606,101195.0
2026030100,-50.292,-48.3178,283.494,100556.0
2026030100,28.27,-67.9019,296.213,101978.0
2026030100,-65.4372,43.6317,272.55,98706.9
2026030100,-37.5112,-114.6647,292.064,102349.0
2026030500,-86.2688,-33.5118,228.947,98498.3
2026030500,-64.6126,42.0139,274.408,99275.0
2026030500,-54.0322,-5.2539,274.24,99259.0
2026030500,5.1246,52.1926,300.294,101101.0
2026030500,13.2765,41.4556,295.608,101175.0
2026030500,-5.5405,85.1267,300.524,100912.0
2026030500,-58.5763,-136.9324,273.964,98371.1
2026030500,-24.1594,-4.302,296.664,102030.0
2026030500,-18.1106,117.4825,302.162,99874.8
2026030500,-16.6171,-112.267,298.378,101144.0
2026030500,28.0551,19.3057,283.869,102298.0
2026030500,44.1569,135.0991,267.97,102536.0
2026030500,5.8506,-122.1354,300.046,100804.0
2026030500,-33.0951,41.8577,294.831,101858.0
2026030500,-59.3714,48.3341,275.352,100135.0
2026030500,-27.96,-141.9073,299.263,101724.0
2026030500,-15.959,153.1564,300.683,100365.0
2026030500,-22.033,78.5401,297.844,101632.0
2026030500,-31.4523,-53.7227,296.157,101222.0
2026030500,-18.6762,-118.4332,299.064,101249.0
2026030500,50.7558,105.1937,254.15,103317.0
2026030500,31.9164,-35.7934,292.446,103209.0
2026030500,-48.2179,36.1501,279.788,100778.0
2026030500,7.8201,-81.1665,301.939,100788.0
2026030500,45.8533,-74.4682,273.981,102244.0
2026030500,16.1661,-155.5425,297.91,101311.0
2026030500,-50.292,-48.3178,283.033,99465.9
2026030500,28.27,-67.9019,295.285,102490.0
2026030500,-65.4372,43.6317,274.175,99269.3
2026030500,-37.5112,-114.6647,294.654,99905.5
2026030900,-86.2688,-33.5118,236.416,99676.5
2026030900,-64.6126,42.0139,272.235,96026.1
2026030900,-54.0322,-5.2539,274.812,100053.0
2026030900,5.1246,52.1926,300.996,100993.0
2026030900,13.2765,41.4556,298.4,100886.0
2026030900,-5.5405,85.1267,300.239,100916.0
2026030900,-58.5763,-136.9324,274.8,99675.8
2026030900,-24.1594,-4.302,296.526,101809.0
2026030900,-18.1106,117.4825,301.169,100872.0
2026030900,-16.6171,-112.267,298.398,101175.0
2026030900,28.0551,19.3057,289.36,101637.0
2026030900,44.1569,135.0991,265.65,102189.0
2026030900,5.8506,-122.1354,300.363,100792.0
2026030900,-33.0951,41.8577,293.661,102609.0
2026030900,-59.3714,48.3341,273.771,94726.2
2026030900,-27.96,-141.9073,299.566,101704.0
2026030900,-15.959,153.1564,301.869,100844.0
2026030900,-22.033,78.5401,297.47,101399.0
2026030900,-31.4523,-53.7227,291.63,101703.0
2026030900,-18.6762,-118.4332,299.343,101286.0
2026030900,50.7558,105.1937,263.583,102253.0
2026030900,31.9164,-35.7934,291.195,102500.0
2026030900,-48.2179,36.1501,280.936,100434.0
2026030900,7.8201,-81.1665,301.681,100731.0
2026030900,45.8533,-74.4682,275.469,100573.0
2026030900,16.1661,-155.5425,297.646,101212.0
2026030900,-50.292,-48.3178,279.719,101768.0
2026030900,28.27,-67.9019,295.588,102341.0
2026030900,-65.4372,43.6317,271.786,95892.6
2026030900,-37.5112,-114.6647,291.74,101278.0
2026031200,-86.2688,-33.5118,226.688,97648.7
2026031200,-64.6126,42.0139,273.689,98725.1
2026031200,-54.0322,-5.2539,274.302,99570.7
2026031200,5.1246,52.1926,300.12,101020.0
2026031200,13.2765,41.4556,300.06,100853.0
2026031200,-5.5405,85.1267,300.687,100880.0
2026031200,-58.5763,-136.9324,274.794,100027.0
2026031200,-24.1594,-4.302,296.664,101702.0
2026031200,-18.1106,117.4825,301.627,100366.0
2026031200,-16.6171,-112.267,298.337,101376.0
2026031200,28.0551,19.3057,287.403,101426.0
2026031200,44.1569,135.0991,268.821,103260.0
2026031200,5.8506,-122.1354,300.558,100899.0
2026031200,-33.0951,41.8577,294.643,102469.0
2026031200,-59.3714,48.3341,274.632,99672.8
2026031200,-27.96,-141.9073,299.705,101795.0
2026031200,-15.959,153.1564,301.552,100733.0
2026031200,-22.033,78.5401,297.75,101429.0
2026031200,-31.4523,-53.7227,293.333,101370.0
2026031200,-18.6762,-118.4332,298.804,101468.0
2026031200,50.7558,105.1937,262.644,103314.0
2026031200,31.9164,-35.7934,291.778,102965.0
2026031200,-48.2179,36.1501,280.353,101865.0
2026031200,7.8201,-81.1665,301.94,100914.0
2026031200,45.8533,-74.4682,276.301,99604.6
2026031200,16.1661,-155.5425,298.549,101226.0
2026031200,-50.292,-48.3178,282.571,101730.0
2026031200,28.27,-67.9019,295.492,102318.0
2026031200,-65.4372,43.6317,273.532,98703.0
2026031200,-37.5112,-114.6647,291.577,102158.0
2026031600,-86.2688,-33.5118,228.159,98813.9
2026031600,-64.6126,42.0139,273.034,97574.5
2026031600,-54.0322,-5.2539,274.79,100744.0
2026031600,5.1246,52.1926,301.211,100940.0
2026031600,13.2765,41.4556,299.186,100564.0
2026031600,-5.5405,85.1267,301.089,100888.0
2026031600,-58.5763,-136.9324,277.203,99581.0
2026031600,-24.1594,-4.302,296.618,101361.0
2026031600,-18.1106,117.4825,300.664,100938.0
2026031600,-16.6171,-112.267,298.643,101290.0
2026031600,28.0551,19.3057,287.611,101013.0
2026031600,44.1569,135.0991,270.867,101996.0
2026031600,5.8506,-122.1354,300.685,100891.0
2026031600,-33.0951,41.8577,296.539,102066.0
2026031600,-59.3714,48.3341,275.841,98148.4
2026031600,-27.96,-141.9073,297.913,101791.0
2026031600,-15.959,153.1564,301.437,100961.0
2026031600,-22.033,78.5401,298.365,101403.0
2026031600,-31.4523,-53.7227,297.376,100815.0
2026031600,-18.6762,-118.4332,299.416,101437.0
2026031600,50.7558,105.1937,262.74,101771.0
2026031600,31.9164,-35.7934,292.425,102522.0
2026031600,-48.2179,36.1501,280.759,101302.0
2026031600,7.8201,-81.1665,301.459,100789.0
2026031600,45.8533,-74.4682,269.0,102232.0
2026031600,16.1661,-155.5425,299.231,101156.0
2026031600,-50.292,-48.3178,284.774,100272.0
2026031600,28.27,-67.9019,296.272,102353.0
2026031600,-65.4372,43.6317,270.703,97702.7
2026031600,-37.5112,-114.6647,293.562,102747.0
2026032000,-86.2688,-33.5118,235.391,98372.4
2026032000,-64.6126,42.0139,273.741,97694.0
2026032000,-54.0322,-5.2539,275.138,99556.8
2026032000,5.1246,52.1926,301.136,100827.0
2026032000,13.2765,41.4556,302.47,100531.0
2026032000,-5.5405,85.1267,301.074,100897.0
2026032000,-58.5763,-136.9324,277.164,101673.0
2026032000,-24.1594,-4.302,296.898,101730.0
2026032000,-18.1106,117.4825,301.517,100901.0
2026032000,-16.6171,-112.267,298.228,101450.0
2026032000,28.0551,19.3057,287.114,101196.0
2026032000,44.1569,135.0991,269.224,100966.0
2026032000,5.8506,-122.1354,300.005,100952.0
2026032000,-33.0951,41.8577,297.023,101608.0
2026032000,-59.3714,48.3341,275.124,99371.9
2026032000,-27.96,-141.9073,295.278,101471.0
2026032000,-15.959,153.1564,300.828,100857.0
2026032000,-22.033,78.5401,298.477,101519.0
2026032000,-31.4523,-53.7227,296.239,100922.0
2026032000,-18.6762,-118.4332,299.131,101555.0
2026032000,50.7558,105.1937,266.899,101608.0
2026032000,31.9164,-35.7934,290.732,101737.0
2026032000,-48.2179,36.1501,279.282,101793.0
2026032000,7.8201,-81.1665,298.199,101074.0
2026032000,45.8533,-74.4682,272.757,101743.0
2026032000,16.1661,-155.5425,299.289,101048.0
2026032000,-50.292,-48.3178,283.72,101083.0
2026032000,28.27,-67.9019,296.365,101374.0
2026032000,-65.4372,43.6317,273.258,97578.4
2026032000,-37.5112,-114.6647,294.628,102763.0
2026032300,-86.2688,-33.5118,229.138,98427.6
2026032300,-64.6126,42.0139,271.629,97177.4
2026032300,-54.0322,-5.2539,274.899,101250.0
2026032300,5.1246,52.1926,301.796,100939.0
2026032300,13.2765,41.4556,300.139,100809.0
2026032300,-5.5405,85.1267,301.235,100886.0
2026032300,-58.5763,-136.9324,277.142,102319.0
2026032300,-24.1594,-4.302,296.116,101775.0
2026032300,-18.1106,117.4825,302.025,100729.0
2026032300,-16.6171,-112.267,298.416,101263.0
2026032300,28.0551,19.3057,290.173,100729.0
2026032300,44.1569,135.0991,275.172,101627.0
2026032300,5.8506,-122.1354,300.174,100791.0
2026032300,-33.0951,41.8577,297.455,101572.0
2026032300,-59.3714,48.3341,274.531,97998.1
2026032300,-27.96,-141.9073,296.044,101557.0
2026032300,-15.959,153.1564,300.547,100803.0
2026032300,-22.033,78.5401,297.913,101768.0
2026032300,-31.4523,-53.7227,294.798,101177.0
2026032300,-18.6762,-118.4332,298.981,101326.0
2026032300,50.7558,105.1937,269.501,100756.0
2026032300,31.9164,-35.7934,291.415,102235.0
2026032300,-48.2179,36.1501,279.391,100859.0
2026032300,7.8201,-81.1665,300.867,100928.0
2026032300,45.8533,-74.4682,269.086,101454.0
2026032300,16.1661,-155.5425,299.32,101160.0
2026032300,-50.292,-48.3178,282.523,97929.7
2026032300,28.27,-67.9019,294.485,101924.0
2026032300,-65.4372,43.6317,271.689,97027.4
2026032300,-37.5112,-114.6647,294.738,102888.0
2026032700,-86.2688,-33.5118,238.771,97947.2
2026032700,-64.6126,42.0139,272.407,97279.4
2026032700,-54.0322,-5.2539,274.616,101132.0
2026032700,5.1246,52.1926,301.667,101028.0
2026032700,13.2765,41.4556,297.661,100915.0
2026032700,-5.5405,85.1267,301.508,100800.0
2026032700,-58.5763,-136.9324,274.841,101452.0
2026032700,-24.1594,-4.302,295.553,101617.0
2026032700,-18.1106,117.4825,302.055,100896.0
2026032700,-16.6171,-112.267,298.462,101300.0
2026032700,28.0551,19.3057,285.867,101253.0
2026032700,44.1569,135.0991,277.964,101214.0
2026032700,5.8506,-122.1354,300.3,100743.0
2026032700,-33.0951,41.8577,296.394,101919.0
2026032700,-59.3714,48.3341,273.889,97473.4
2026032700,-27.96,-141.9073,298.647,101750.0
2026032700,-15.959,153.1564,300.42,100917.0
2026032700,-22.033,78.5401,297.815,101602.0
2026032700,-31.4523,-53.7227,294.832,101481.0
2026032700,-18.6762,-118.4332,298.821,101426.0
2026032700,50.7558,105.1937,269.884,101877.0
2026032700,31.9164,-35.7934,291.822,102640.0
2026032700,-48.2179,36.1501,277.09,100631.0
2026032700,7.8201,-81.1665,301.503,100808.0
2026032700,45.8533,-74.4682,274.193,100635.0
2026032700,16.1661,-155.5425,297.786,101115.0
2026032700,-50.292,-48.3178,280.747,100656.0
2026032700,28.27,-67.9019,295.653,102078.0
2026032700,-65.4372,43.6317,272.528,96952.0
2026032700,-37.5112,-114.6647,293.078,102408.0
2026033100,-86.2688,-33.5118,232.654,100162.0
2026033100,-64.6126,42.0139,273.246,100220.0
2026033100,-54.0322,-5.2539,273.432,99558.9
2026033100,5.1246,52.1926,301.694,100844.0
2026033100,13.2765,41.4556,301.536,100608.0
2026033100,-5.5405,85.1267,301.174,100859.0
2026033100,-58.5763,-136.9324,276.545,100348.0
2026033100,-24.1594,-4.302,296.063,101600.0
2026033100,-18.1106,117.4825,300.458,101301.0
2026033100,-16.6171,-112.267,298.243,101355.0
2026033100,28.0551,19.3057,288.307,100901.0
2026033100,44.1569,135.0991,277.822,101610.0
2026033100,5.8506,-122.1354,301.129,100849.0
2026033100,-33.0951,41.8577,294.887,101614.0
2026033100,-59.3714,48.3341,273.699,100707.0
2026033100,-27.96,-141.9073,298.739,101927.0
2026033100,-15.959,153.1564,301.229,101204.0
2026033100,-22.033,78.5401,297.974,101460.0
2026033100,-31.4523,-53.7227,296.224,101393.0
2026033100,-18.6762,-118.4332,298.804,101465.0
2026033100,50.7558,105.1937,266.09,102614.0
2026033100,31.9164,-35.7934,292.374,102540.0
2026033100,-48.2179,36.1501,279.215,101376.0
2026033100,7.8201,-81.1665,302.184,100940.0
2026033100,45.8533,-74.4682,278.814,101357.0
2026033100,16.1661,-155.5425,296.525,101315.0
2026033100,-50.292,-48.3178,282.113,101052.0
2026033100,28.27,-67.9019,293.804,102745.0
2026033100,-65.4372,43.6317,273.068,100268.0
2026033100,-37.5112,-114.6647,290.907,102351.0
2026040300,-86.2688,-33.5118,235.456,97413.7
2026040300,-64.6126,42.0139,273.205,100407.0
2026040300,-54.0322,-5.2539,273.681,98454.5
2026040300,5.1246,52.1926,301.161,101075.0
2026040300,13.2765,41.4556,304.192,100618.0
2026040300,-5.5405,85.1267,301.898,100980.0
2026040300,-58.5763,-136.9324,274.659,97398.9
2026040300,-24.1594,-4.302,296.857,102153.0
2026040300,-18.1106,117.4825,301.21,101329.0
2026040300,-16.6171,-112.267,298.1,101087.0
2026040300,28.0551,19.3057,286.601,101491.0
2026040300,44.1569,135.0991,281.404,101256.0
2026040300,5.8506,-122.1354,300.806,100755.0
2026040300,-33.0951,41.8577,293.507,102489.0
2026040300,-59.3714,48.3341,274.384,101829.0
2026040300,-27.96,-141.9073,298.593,101667.0
2026040300,-15.959,153.1564,301.547,100930.0
2026040300,-22.033,78.5401,298.614,101626.0
2026040300,-31.4523,-53.7227,295.524,101202.0
2026040300,-18.6762,-118.4332,298.814,101124.0
2026040300,50.7558,105.1937,269.386,101580.0
2026040300,31.9164,-35.7934,291.777,102552.0
2026040300,-48.2179,36.1501,279.721,102422.0
2026040300,7.8201,-81.1665,297.952,100894.0
2026040300,45.8533,-74.4682,273.59,102854.0
2026040300,16.1661,-155.5425,297.194,101264.0
2026040300,-50.292,-48.3178,282.79,100344.0
2026040300,28.27,-67.9019,295.983,102550.0
2026040300,-65.4372,43.6317,273.207,100471.0
2026040300,-37.5112,-114.6647,290.635,101810.0
2026040700,-86.2688,-33.5118,229.711,100151.0
2026040700,-64.6126,42.0139,273.101,98010.9
2026040700,-54.0322,-5.2539,275.465,97940.2
2026040700,5.1246,52.1926,301.13,101244.0
2026040700,13.2765,41.4556,300.698,101079.0
2026040700,-5.5405,85.1267,300.698,101084.0
2026040700,-58.5763,-136.9324,274.486,98422.4
2026040700,-24.1594,-4.302,296.398,102087.0
2026040700,-18.1106,117.4825,301.868,101176.0
2026040700,-16.6171,-112.267,298.501,101221.0
2026040700,28.0551,19.3057,285.751,102543.0
2026040700,44.1569,135.0991,273.423,100020.0
2026040700,5.8506,-122.1354,300.535,100833.0
2026040700,-33.0951,41.8577,295.455,101488.0
2026040700,-59.3714,48.3341,274.566,96350.3
2026040700,-27.96,-141.9073,298.48,101417.0
2026040700,-15.959,153.1564,300.169,100884.0
2026040700,-22.033,78.5401,298.709,101908.0
2026040700,-31.4523,-53.7227,293.585,101373.0
2026040700,-18.6762,-118.4332,298.801,101234.0
2026040700,50.7558,105.1937,276.453,100457.0
2026040700,31.9164,-35.7934,290.847,103067.0
2026040700,-48.2179,36.1501,277.392,100142.0
2026040700,7.8201,-81.1665,302.003,100712.0
2026040700,45.8533,-74.4682,270.654,101781.0
2026040700,16.1661,-155.5425,298.126,101230.0
2026040700,-50.292,-48.3178,281.49,101231.0
2026040700,28.27,-67.9019,295.879,101784.0
2026040700,-65.4372,43.6317,272.398,98310.8
2026040700,-37.5112,-114.6647,292.035,102357.0
2026041000,-86.2688,-33.5118,231.572,99469.5
2026041000,-64.6126,42.0139,270.719,98613.5
2026041000,-54.0322,-5.2539,274.668,99851.0
2026041000,5.1246,52.1926,301.471,101110.0
2026041000,13.2765,41.4556,299.495,101112.0
2026041000,-5.5405,85.1267,301.275,101081.0
2026041000,-58.5763,-136.9324,273.504,101216.0
2026041000,-24.1594,-4.302,296.1,101760.0
2026041000,-18.1106,117.4825,300.078,101361.0
2026041000,-16.6171,-112.267,298.571,101416.0
2026041000,28.0551,19.3057,288.025,101887.0
2026041000,44.1569,135.0991,277.007,100426.0
2026041000,5.8506,-122.1354,300.552,100819.0
2026041000,-33.0951,41.8577,293.872,102395.0
2026041000,-59.3714,48.3341,272.001,98576.5
2026041000,-27.96,-141.9073,298.642,100513.0
2026041000,-15.959,153.1564,300.563,100886.0
2026041000,-22.033,78.5401,298.297,101660.0
2026041000,-31.4523,-53.7227,288.573,101750.0
2026041000,-18.6762,-118.4332,299.235,101501.0
2026041000,50.7558,105.1937,268.879,102024.0
2026041000,31.9164,-35.7934,291.524,103371.0
2026041000,-48.2179,36.1501,278.089,101525.0
2026041000,7.8201,-81.1665,302.503,100763.0
2026041000,45.8533,-74.4682,282.134,101983.0
2026041000,16.1661,-155.5425,298.515,100979.0
2026041000,-50.292,-48.3178,281.264,99703.8
2026041000,28.27,-67.9019,296.476,101702.0
2026041000,-65.4372,43.6317,269.125,98680.3
2026041000,-37.5112,-114.6647,292.975,101899.0
2026041400,-86.2688,-33.5118,230.586,100176.0
2026041400,-64.6126,42.0139,271.335,99400.0
2026041400,-54.0322,-5.2539,272.96,100340.0
2026041400,5.1246,52.1926,301.437,101015.0
2026041400,13.2765,41.4556,301.254,100889.0
2026041400,-5.5405,85.1267,301.421,101041.0
2026041400,-58.5763,-136.9324,272.631,98982.6
2026041400,-24.1594,-4.302,296.049,101576.0
2026041400,-18.1106,117.4825,301.531,101420.0
2026041400,-16.6171,-112.267,298.242,101474.0
2026041400,28.0551,19.3057,295.675,100814.0
2026041400,44.1569,135.0991,277.574,101833.0
2026041400,5.8506,-122.1354,300.762,100947.0
2026041400,-33.0951,41.8577,294.59,101717.0
2026041400,-59.3714,48.3341,273.012,99787.0
2026041400,-27.96,-141.9073,296.038,101562.0
2026041400,-15.959,153.1564,300.706,101101.0
2026041400,-22.033,78.5401,298.181,101735.0
2026041400,-31.4523,-53.7227,293.363,101667.0
2026041400,-18.6762,-118.4332,298.864,101549.0
2026041400,50.7558,105.1937,275.067,100825.0
2026041400,31.9164,-35.7934,292.777,102368.0
2026041400,-48.2179,36.1501,280.758,100400.0
2026041400,7.8201,-81.1665,301.215,100868.0
2026041400,45.8533,-74.4682,286.383,100873.0
2026041400,16.1661,-155.5425,298.82,101418.0
2026041400,-50.292,-48.3178,279.964,101957.0
2026041400,28.27,-67.9019,294.91,102280.0
2026041400,-65.4372,43.6317,271.561,99300.1
2026041400,-37.5112,-114.6647,292.714,101412.0
2026041800,-86.2688,-33.5118,229.233,99747.0
2026041800,-64.6126,42.0139,272.84,99295.9
2026041800,-54.0322,-5.2539,273.202,101439.0
2026041800,5.1246,52.1926,301.27,100898.0
2026041800,13.2765,41.4556,302.738,100566.0
2026041800,-5.5405,85.1267,302.033,100820.0
2026041800,-58.5763,-136.9324,277.246,99202.6
2026041800,-24.1594,-4.302,294.947,101786.0
2026041800,-18.1106,117.4825,301.076,101250.0
2026041800,-16.6171,-112.267,298.059,101361.0
2026041800,28.0551,19.3057,288.708,101357.0
2026041800,44.1569,135.0991,283.805,100580.0
2026041800,5.8506,-122.1354,300.101,100917.0
2026041800,-33.0951,41.8577,294.423,101355.0
2026041800,-59.3714,48.3341,273.987,100115.0
2026041800,-27.96,-141.9073,296.664,101910.0
2026041800,-15.959,153.1564,300.346,101363.0
2026041800,-22.033,78.5401,297.961,101750.0
2026041800,-31.4523,-53.7227,292.164,100810.0
2026041800,-18.6762,-118.4332,298.378,101505.0
2026041800,50.7558,105.1937,276.152,100162.0
2026041800,31.9164,-35.7934,292.415,102026.0
2026041800,-48.2179,36.1501,280.661,100105.0
2026041800,7.8201,-81.1665,299.993,100857.0
2026041800,45.8533,-74.4682,285.7,101563.0
2026041800,16.1661,-155.5425,299.115,101369.0
2026041800,-50.292,-48.3178,281.96,101445.0
2026041800,28.27,-67.9019,296.245,101867.0
2026041800,-65.4372,43.6317,272.803,99190.3
2026041800,-37.5112,-114.6647,289.504,102731.0
2026042100,-86.2688,-33.5118,226.638,99194.2
2026042100,-64.6126,42.0139,271.619,98348.0
2026042100,-54.0322,-5.2539,274.82,101345.0
2026042100,5.1246,52.1926,301.668,100807.0
2026042100,13.2765,41.4556,304.366,100339.0
2026042100,-5.5405,85.1267,302.145,100742.0
2026042100,-58.5763,-136.9324,274.825,99113.2
2026042100,-24.1594,-4.302,294.905,101941.0
2026042100,-18.1106,117.4825,302.08,101227.0
2026042100,-16.6171,-112.267,298.299,101347.0
2026042100,28.0551,19.3057,289.292,101653.0
2026042100,44.1569,135.0991,278.71,99863.9
2026042100,5.8506,-122.1354,300.871,101005.0
2026042100,-33.0951,41.8577,295.527,101406.0
2026042100,-59.3714,48.3341,276.486,97075.1
2026042100,-27.96,-141.9073,296.538,101533.0
2026042100,-15.959,153.1564,299.96,101481.0
2026042100,-22.033,78.5401,297.517,101831.0
2026042100,-31.4523,-53.7227,293.099,101509.0
2026042100,-18.6762,-118.4332,298.652,101316.0
2026042100,50.7558,105.1937,271.025,102178.0
2026042100,31.9164,-35.7934,291.032,102297.0
2026042100,-48.2179,36.1501,279.867,99062.3
2026042100,7.8201,-81.1665,300.813,100918.0
2026042100,45.8533,-74.4682,271.588,102505.0
2026042100,16.1661,-155.5425,298.9,101291.0
2026042100,-50.292,-48.3178,280.184,100606.0
2026042100,28.27,-67.9019,296.524,101531.0
2026042100,-65.4372,43.6317,272.014,98550.9
2026042100,-37.5112,-114.6647,290.476,102311.0
2026042500,-86.2688,-33.5118,232.066,99732.3
2026042500,-64.6126,42.0139,272.549,97716.9
2026042500,-54.0322,-5.2539,274.754,101624.0
2026042500,5.1246,52.1926,301.692,100714.0
2026042500,13.2765,41.4556,302.742,100572.0
2026042500,-5.5405,85.1267,301.549,100756.0
2026042500,-58.5763,-136.9324,275.281,96088.1
2026042500,-24.1594,-4.302,294.762,101482.0
2026042500,-18.1106,117.4825,302.139,101435.0
2026042500,-16.6171,-112.267,298.04,101477.0
2026042500,28.0551,19.3057,286.858,101330.0
2026042500,44.1569,135.0991,278.214,101846.0
2026042500,5.8506,-122.1354,301.066,100785.0
2026042500,-33.0951,41.8577,292.725,102475.0
2026042500,-59.3714,48.3341,273.66,99073.6
2026042500,-27.96,-141.9073,297.061,100904.0
2026042500,-15.959,153.1564,299.109,101515.0
2026042500,-22.033,78.5401,297.267,101762.0
2026042500,-31.4523,-53.7227,290.856,101483.0
2026042500,-18.6762,-118.4332,298.697,101546.0
2026042500,50.7558,105.1937,277.73,101979.0
2026042500,31.9164,-35.7934,292.668,101574.0
2026042500,-48.2179,36.1501,280.655,101554.0
2026042500,7.8201,-81.1665,299.786,101049.0
2026042500,45.8533,-74.4682,280.578,101469.0
2026042500,16.1661,-155.5425,298.676,101297.0
2026042500,-50.292,-48.3178,279.776,99659.7
2026042500,28.27,-67.9019,294.343,101588.0
2026042500,-65.4372,43.6317,272.032,97563.6
2026042500,-37.5112,-114.6647,291.86,101872.0
2026042900,-86.2688,-33.5118,224.186,98638.8
2026042900,-64.6126,42.0139,271.343,97703.4
2026042900,-54.0322,-5.2539,273.168,101135.0
2026042900,5.1246,52.1926,302.112,100794.0
2026042900,13.2765,41.4556,302.246,100628.0
2026042900,-5.5405,85.1267,301.638,100815.0
2026042900,-58.5763,-136.9324,276.068,100050.0
2026042900,-24.1594,-4.302,294.653,102401.0
2026042900,-18.1106,117.4825,301.56,101310.0
2026042900,-16.6171,-112.267,297.779,101425.0
2026042900,28.0551,19.3057,294.38,101245.0
2026042900,44.1569,135.0991,283.706,101185.0
2026042900,5.8506,-122.1354,301.692,100783.0
2026042900,-33.0951,41.8577,293.031,100819.0
2026042900,-59.3714,48.3341,273.21,97466.5
2026042900,-27.96,-141.9073,295.862,101818.0
2026042900,-15.959,153.1564,299.576,101348.0
2026042900,-22.033,78.5401,297.387,101581.0
2026042900,-31.4523,-53.7227,283.813,101578.0
2026042900,-18.6762,-118.4332,298.032,101527.0
2026042900,50.7558,105.1937,278.039,101646.0
2026042900,31.9164,-35.7934,291.657,101801.0
2026042900,-48.2179,36.1501,276.804,99837.5
2026042900,7.8201,-81.1665,302.141,100856.0
2026042900,45.8533,-74.4682,288.286,101276.0
2026042900,16.1661,-155.5425,298.818,101355.0
2026042900,-50.292,-48.3178,276.869,100372.0
2026042900,28.27,-67.9019,294.262,101707.0
2026042900,-65.4372,43.6317,271.728,97711.1
2026042900,-37.5112,-114.6647,292.519,102772.0
2026050200,-86.2688,-33.5118,226.421,99451.4
2026050200,-64.6126,42.0139,270.161,98228.3
2026050200,-54.0322,-5.2539,273.77,99837.2
2026050200,5.1246,52.1926,302.683,100884.0
2026050200,13.2765,41.4556,302.582,100754.0
2026050200,-5.5405,85.1267,302.039,100899.0
2026050200,-58.5763,-136.9324,274.893,98316.8
2026050200,-24.1594,-4.302,293.592,102001.0
2026050200,-18.1106,117.4825,299.514,101198.0
2026050200,-16.6171,-112.267,297.915,101183.0
2026050200,28.0551,19.3057,296.662,101133.0
2026050200,44.1569,135.0991,285.666,100441.0
2026050200,5.8506,-122.1354,301.316,100752.0
2026050200,-33.0951,41.8577,294.372,100955.0
2026050200,-59.3714,48.3341,272.608,98380.0
2026050200,-27.96,-141.9073,296.8,101515.0
2026050200,-15.959,153.1564,300.092,101266.0
2026050200,-22.033,78.5401,297.002,101577.0
2026050200,-31.4523,-53.7227,291.644,101019.0
2026050200,-18.6762,-118.4332,297.912,101314.0
2026050200,50.7558,105.1937,280.789,102102.0
2026050200,31.9164,-35.7934,293.621,101257.0
2026050200,-48.2179,36.1501,276.292,101058.0
2026050200,7.8201,-81.1665,299.691,100816.0
2026050200,45.8533,-74.4682,278.962,101151.0
2026050200,16.1661,-155.5425,298.897,101264.0
2026050200,-50.292,-48.3178,278.217,99127.6
2026050200,28.27,-67.9019,296.806,101472.0
2026050200,-65.4372,43.6317,269.077,98406.4
2026050200,-37.5112,-114.6647,288.414,101838.0
2026050600,-86.2688,-33.5118,222.321,99083.2
2026050600,-64.6126,42.0139,269.53,100609.0
2026050600,-54.0322,-5.2539,275.495,100442.0
2026050600,5.1246,52.1926,302.717,100795.0
2026050600,13.2765,41.4556,301.737,100625.0
2026050600,-5.5405,85.1267,301.175,100593.0
2026050600,-58.5763,-136.9324,270.419,97863.5
2026050600,-24.1594,-4.302,294.429,102465.0
2026050600,-18.1106,117.4825,300.722,101457.0
2026050600,-16.6171,-112.267,298.16,101501.0
2026050600,28.0551,19.3057,290.099,101482.0
2026050600,44.1569,135.0991,289.285,100757.0
2026050600,5.8506,-122.1354,301.002,100872.0
2026050600,-33.0951,41.8577,294.366,101295.0
2026050600,-59.3714,48.3341,270.805,100288.0
2026050600,-27.96,-141.9073,294.26,101628.0
2026050600,-15.959,153.1564,299.773,101258.0
2026050600,-22.033,78.5401,297.125,101455.0
2026050600,-31.4523,-53.7227,295.251,101482.0
2026050600,-18.6762,-118.4332,298.618,101524.0
2026050600,50.7558,105.1937,275.116,102689.0
2026050600,31.9164,-35.7934,292.76,102563.0
2026050600,-48.2179,36.1501,275.303,102633.0
2026050600,7.8201,-81.1665,300.307,100934.0
2026050600,45.8533,-74.4682,283.892,100473.0
2026050600,16.1661,-155.5425,299.278,101317.0
2026050600,-50.292,-48.3178,275.826,100606.0
2026050600,28.27,-67.9019,296.548,101829.0
2026050600,-65.4372,43.6317,268.813,100418.0
2026050600,-37.5112,-114.6647,292.877,100516.0
2026051000,-86.2688,-33.5118,231.781,100923.0
2026051000,-64.6126,42.0139,272.141,99868.2
2026051000,-54.0322,-5.2539,272.855,99060.6
2026051000,5.1246,52.1926,301.941,100934.0
2026051000,13.2765,41.4556,302.89,100751.0
2026051000,-5.5405,85.1267,301.721,100624.0
2026051000,-58.5763,-136.9324,276.078,100979.0
2026051000,-24.1594,-4.302,293.782,102083.0
2026051000,-18.1106,117.4825,300.499,101482.0
2026051000,-16.6171,-112.267,298.057,101237.0
2026051000,28.0551,19.3057,298.185,101379.0
2026051000,44.1569,135.0991,291.058,101171.0
2026051000,5.8506,-122.1354,301.194,100728.0
2026051000,-33.0951,41.8577,293.766,101507.0
2026051000,-59.3714,48.3341,273.568,101104.0
2026051000,-27.96,-141.9073,294.957,102537.0
2026051000,-15.959,153.1564,300.391,101535.0
2026051000,-22.033,78.5401,296.471,101632.0
2026051000,-31.4523,-53.7227,282.193,102047.0
2026051000,-18.6762,-118.4332,298.16,101343.0
2026051000,50.7558,105.1937,285.574,101096.0
2026051000,31.9164,-35.7934,291.88,102549.0
2026051000,-48.2179,36.1501,278.702,99762.2
2026051000,7.8201,-81.1665,302.809,100607.0
2026051000,45.8533,-74.4682,285.244,100486.0
2026051000,16.1661,-155.5425,298.653,101340.0
2026051000,-50.292,-48.3178,277.328,99370.2
2026051000,28.27,-67.9019,297.761,101980.0
2026051000,-65.4372,43.6317,271.396,100070.0
2026051000,-37.5112,-114.6647,288.497,102137.0
2026051300,-86.2688,-33.5118,232.473,100319.0
2026051300,-64.6126,42.0139,273.316,98241.0
2026051300,-54.0322,-5.2539,272.836,101242.0
2026051300,5.1246,52.1926,302.725,100848.0
2026051300,13.2765,41.4556,303.809,100556.0
2026051300,-5.5405,85.1267,301.873,100660.0
2026051300,-58.5763,-136.9324,275.733,100970.0
2026051300,-24.1594,-4.302,294.313,102259.0
2026051300,-18.1106,117.4825,300.806,101385.0
2026051300,-16.6171,-112.267,298.349,101083.0
2026051300,28.0551,19.3057,296.867,101278.0
2026051300,44.1569,135.0991,290.847,100801.0
2026051300,5.8506,-122.1354,301.557,100678.0
2026051300,-33.0951,41.8577,295.151,100854.0
2026051300,-59.3714,48.3341,275.272,97858.6
2026051300,-27.96,-141.9073,294.616,102160.0
2026051300,-15.959,153.1564,299.481,101465.0
2026051300,-22.033,78.5401,296.747,101534.0
2026051300,-31.4523,-53.7227,284.865,101513.0
2026051300,-18.6762,-118.4332,297.649,101018.0
2026051300,50.7558,105.1937,278.188,101575.0
2026051300,31.9164,-35.7934,292.102,102808.0
2026051300,-48.2179,36.1501,276.154,98372.1
2026051300,7.8201,-81.1665,301.692,100949.0
2026051300,45.8533,-74.4682,280.986,101792.0
2026051300,16.1661,-155.5425,298.805,101240.0
2026051300,-50.292,-48.3178,275.997,98435.1
2026051300,28.27,-67.9019,298.076,101956.0
2026051300,-65.4372,43.6317,273.192,98459.9
2026051300,-37.5112,-114.6647,287.269,100100.0
2026051700,-86.2688,-33.5118,234.825,99851.6
2026051700,-64.6126,42.0139,271.787,98716.0
2026051700,-54.0322,-5.2539,275.73,100417.0
2026051700,5.1246,52.1926,302.548,100761.0
2026051700,13.2765,41.4556,303.235,100416.0
2026051700,-5.5405,85.1267,301.392,100895.0
2026051700,-58.5763,-136.9324,272.883,97883.6
2026051700,-24.1594,-4.302,294.418,102207.0
2026051700,-18.1106,117.4825,300.217,100993.0
2026051700,-16.6171,-112.267,297.648,101511.0
2026051700,28.0551,19.3057,301.118,100413.0
2026051700,44.1569,135.0991,286.569,101949.0
2026051700,5.8506,-122.1354,301.46,100822.0
2026051700,-33.0951,41.8577,290.618,102638.0
2026051700,-59.3714,48.3341,272.623,99537.2
2026051700,-27.96,-141.9073,295.344,100463.0
2026051700,-15.959,153.1564,299.604,101308.0
2026051700,-22.033,78.5401,297.772,101428.0
2026051700,-31.4523,-53.7227,286.332,101680.0
2026051700,-18.6762,-118.4332,297.586,101521.0
2026051700,50.7558,105.1937,281.176,100960.0
2026051700,31.9164,-35.7934,292.838,102945.0
2026051700,-48.2179,36.1501,279.339,101700.0
2026051700,7.8201,-81.1665,300.746,100847.0
2026051700,45.8533,-74.4682,290.347,100652.0
2026051700,16.1661,-155.5425,299.114,101333.0
2026051700,-50.292,-48.3178,278.411,98938.4
2026051700,28.27,-67.9019,297.267,102114.0
2026051700,-65.4372,43.6317,270.867,98814.7
2026051700,-37.5112,-114.6647,289.663,100820.0
2026052100,-86.2688,-33.5118,224.933,99217.2
2026052100,-64.6126,42.0139,271.202,98757.9
2026052100,-54.0322,-5.2539,275.99,100050.0
2026052100,5.1246,52.1926,302.252,100960.0
2026052100,13.2765,41.4556,305.271,100490.0
2026052100,-5.5405,85.1267,300.959,100933.0
2026052100,-58.5763,-136.9324,271.08,99071.9
2026052100,-24.1594,-4.302,293.939,102422.0
2026052100,-18.1106,117.4825,299.827,101283.0
2026052100,-16.6171,-112.267,297.923,101402.0
2026052100,28.0551,19.3057,290.305,101977.0
2026052100,44.1569,135.0991,286.3,101517.0
2026052100,5.8506,-122.1354,301.328,100840.0
2026052100,-33.0951,41.8577,290.536,102575.0
2026052100,-59.3714,48.3341,272.433,98801.0
2026052100,-27.96,-141.9073,294.333,101579.0
2026052100,-15.959,153.1564,298.615,101432.0
2026052100,-22.033,78.5401,297.874,101369.0
2026052100,-31.4523,-53.7227,282.683,102497.0
2026052100,-18.6762,-118.4332,298.312,101449.0
2026052100,50.7558,105.1937,282.43,99410.0
2026052100,31.9164,-35.7934,293.168,101979.0
2026052100,-48.2179,36.1501,279.29,101059.0
2026052100,7.8201,-81.1665,301.286,100786.0
2026052100,45.8533,-74.4682,283.936,101814.0
2026052100,16.1661,-155.5425,299.074,101379.0
2026052100,-50.292,-48.3178,275.491,101276.0
2026052100,28.27,-67.9019,298.666,102226.0
2026052100,-65.4372,43.6317,270.132,98706.2
2026052100,-37.5112,-114.6647,289.634,101901.0
2026052400,-86.2688,-33.5118,228.838,98670.1
2026052400,-64.6126,42.0139,274.019,95843.9
2026052400,-54.0322,-5.2539,273.029,98781.5
2026052400,5.1246,52.1926,301.801,101138.0
2026052400,13.2765,41.4556,303.364,100684.0
2026052400,-5.5405,85.1267,300.809,101223.0
2026052400,-58.5763,-136.9324,274.676,97521.4
2026052400,-24.1594,-4.302,293.754,102126.0
2026052400,-18.1106,117.4825,297.257,101940.0
2026052400,-16.6171,-112.267,297.747,101295.0
2026052400,28.0551,19.3057,290.889,101943.0
2026052400,44.1569,135.0991,280.906,101452.0
2026052400,5.8506,-122.1354,301.401,100669.0
2026052400,-33.0951,41.8577,293.226,102129.0
2026052400,-59.3714,48.3341,275.797,98954.9
2026052400,-27.96,-141.9073,294.66,100877.0
2026052400,-15.959,153.1564,298.526,101414.0
2026052400,-22.033,78.5401,296.922,101453.0
2026052400,-31.4523,-53.7227,286.108,102432.0
2026052400,-18.6762,-118.4332,298.377,101348.0
2026052400,50.7558,105.1937,276.15,101724.0
2026052400,31.9164,-35.7934,294.104,102378.0
2026052400,-48.2179,36.1501,279.465,101047.0
2026052400,7.8201,-81.1665,300.396,100883.0
2026052400,45.8533,-74.4682,287.463,102993.0
2026052400,16.1661,-155.5425,298.725,101262.0
2026052400,-50.292,-48.3178,277.587,101656.0
2026052400,28.27,-67.9019,298.566,102356.0
2026052400,-65.4372,43.6317,273.481,95986.7
2026052400,-37.5112,-114.6647,285.914,101119.0
2026052800,-86.2688,-33.5118,229.789,98582.3
2026052800,-64.6126,42.0139,273.434,96329.4
2026052800,-54.0322,-5.2539,273.785,98514.4
2026052800,5.1246,52.1926,301.389,101212.0
2026052800,13.2765,41.4556,304.85,100712.0
2026052800,-5.5405,85.1267,301.029,101125.0
2026052800,-58.5763,-136.9324,273.075,95687.7
2026052800,-24.1594,-4.302,293.811,102153.0
2026052800,-18.1106,117.4825,297.2,101686.0
2026052800,-16.6171,-112.267,297.644,101257.0
2026052800,28.0551,19.3057,291.536,101752.0
2026052800,44.1569,135.0991,282.825,100325.0
2026052800,5.8506,-122.1354,301.08,100889.0
2026052800,-33.0951,41.8577,292.988,102353.0
2026052800,-59.3714,48.3341,274.923,98621.8
2026052800,-27.96,-141.9073,293.457,101797.0
2026052800,-15.959,153.1564,298.585,101395.0
2026052800,-22.033,78.5401,295.439,101993.0
2026052800,-31.4523,-53.7227,286.162,102261.0
2026052800,-18.6762,-118.4332,298.212,101360.0
2026052800,50.7558,105.1937,287.055,101513.0
2026052800,31.9164,-35.7934,293.548,102101.0
2026052800,-48.2179,36.1501,279.406,100021.0
2026052800,7.8201,-81.1665,300.358,100791.0
2026052800,45.8533,-74.4682,288.137,101209.0
2026052800,16.1661,-155.5425,298.434,101337.0
2026052800,-50.292,-48.3178,276.753,101501.0
2026052800,28.27,-67.9019,298.45,102040.0
2026052800,-65.4372,43.6317,272.118,96569.4
2026052800,-37.5112,-114.6647,286.65,101547.0
2026060100,-86.2688,-33.5118,227.274,97535.1
2026060100,-64.6126,42.0139,270.037,95784.2
2026060100,-54.0322,-5.2539,270.95,100109.0
2026060100,5.1246,52.1926,301.487,101139.0
2026060100,13.2765,41.4556,303.203,100717.0
2026060100,-5.5405,85.1267,301.428,101129.0
2026060100,-58.5763,-136.9324,271.748,98331.9
2026060100,-24.1594,-4.302,294.066,101938.0
2026060100,-18.1106,117.4825,297.206,101599.0
2026060100,-16.6171,-112.267,297.055,101296.0
2026060100,28.0551,19.3057,296.46,101351.0
2026060100,44.1569,135.0991,297.942,100827.0
2026060100,5.8506,-122.1354,300.165,100845.0
2026060100,-33.0951,41.8577,293.206,102571.0
2026060100,-59.3714,48.3341,274.005,96716.5
2026060100,-27.96,-141.9073,294.569,101721.0
2026060100,-15.959,153.1564,297.553,101613.0
2026060100,-22.033,78.5401,295.982,102217.0
2026060100,-31.4523,-53.7227,283.633,102033.0
2026060100,-18.6762,-118.4332,297.559,101443.0
2026060100,50.7558,105.1937,281.177,100996.0
2026060100,31.9164,-35.7934,295.114,102891.0
2026060100,-48.2179,36.1501,281.049,100506.0
2026060100,7.8201,-81.1665,300.974,100903.0
2026060100,45.8533,-74.4682,285.297,101288.0
2026060100,16.1661,-155.5425,299.382,101293.0
2026060100,-50.292,-48.3178,277.2,101213.0
2026060100,28.27,-67.9019,297.916,101627.0
2026060100,-65.4372,43.6317,269.699,96293.3
2026060100,-37.5112,-114.6647,286.608,100833.0
2026060400,-86.2688,-33.5118,227.795,99695.0
2026060400,-64.6126,42.0139,269.851,99722.1
2026060400,-54.0322,-5.2539,272.434,98837.9
2026060400,5.1246,52.1926,301.539,101062.0
2026060400,13.2765,41.4556,304.301,100696.0
2026060400,-5.5405,85.1267,300.599,100889.0
2026060400,-58.5763,-136.9324,273.808,96174.8
2026060400,-24.1594,-4.302,294.586,102208.0
2026060400,-18.1106,117.4825,297.471,101631.0
2026060400,-16.6171,-112.267,297.235,101657.0
2026060400,28.0551,19.3057,299.178,101289.0
2026060400,44.1569,135.0991,284.892,100878.0
2026060400,5.8506,-122.1354,300.804,101094.0
2026060400,-33.0951,41.8577,292.173,102045.0
2026060400,-59.3714,48.3341,273.823,100560.0
2026060400,-27.96,-141.9073,292.857,100481.0
2026060400,-15.959,153.1564,297.987,101576.0
2026060400,-22.033,78.5401,295.066,101962.0
2026060400,-31.4523,-53.7227,289.831,102523.0
2026060400,-18.6762,-118.4332,297.937,101668.0
2026060400,50.7558,105.1937,282.122,101979.0
2026060400,31.9164,-35.7934,294.819,103179.0
2026060400,-48.2179,36.1501,276.846,104038.0
2026060400,7.8201,-81.1665,299.48,101089.0
2026060400,45.8533,-74.4682,293.707,101879.0
2026060400,16.1661,-155.5425,299.385,101661.0
2026060400,-50.292,-48.3178,279.287,102454.0
2026060400,28.27,-67.9019,299.285,101761.0
2026060400,-65.4372,43.6317,264.778,99749.5
2026060400,-37.5112,-114.6647,286.165,100487.0
2026060800,-86.2688,-33.5118,228.996,97794.3
2026060800,-64.6126,42.0139,272.294,98282.5
2026060800,-54.0322,-5.2539,271.353,99302.3
2026060800,5.1246,52.1926,301.313,101306.0
2026060800,13.2765,41.4556,304.964,100589.0
2026060800,-5.5405,85.1267,301.576,101195.0
2026060800,-58.5763,-136.9324,275.436,98235.4
2026060800,-24.1594,-4.302,294.897,102165.0
2026060800,-18.1106,117.4825,298.074,101669.0
2026060800,-16.6171,-112.267,297.633,101498.0
2026060800,28.0551,19.3057,296.508,101432.0
2026060800,44.1569,135.0991,282.738,101251.0
2026060800,5.8506,-122.1354,301.176,101007.0
2026060800,-33.0951,41.8577,292.512,101907.0
2026060800,-59.3714,48.3341,273.546,99510.4
2026060800,-27.96,-141.9073,292.811,101924.0
2026060800,-15.959,153.1564,297.989,101930.0
2026060800,-22.033,78.5401,296.583,101738.0
2026060800,-31.4523,-53.7227,288.115,101930.0
2026060800,-18.6762,-118.4332,297.955,101368.0
2026060800,50.7558,105.1937,287.333,101964.0
2026060800,31.9164,-35.7934,295.126,103114.0
2026060800,-48.2179,36.1501,278.87,101885.0
2026060800,7.8201,-81.1665,298.258,101201.0
2026060800,45.8533,-74.4682,290.436,101662.0
2026060800,16.1661,-155.5425,298.793,101431.0
2026060800,-50.292,-48.3178,277.393,102638.0
2026060800,28.27,-67.9019,299.838,101919.0
2026060800,-65.4372,43.6317,271.997,98172.8
2026060800,-37.5112,-114.6647,288.396,101551.0
2026061200,-86.2688,-33.5118,229.72,98260.4
2026061200,-64.6126,42.0139,271.373,96449.7
2026061200,-54.0322,-5.2539,273.093,101117.0
2026061200,5.1246,52.1926,300.4,101231.0
2026061200,13.2765,41.4556,306.191,100543.0
2026061200,-5.5405,85.1267,300.997,101195.0
2026061200,-58.5763,-136.9324,274.791,98505.1
2026061200,-24.1594,-4.302,293.069,102397.0
2026061200,-18.1106,117.4825,299.77,101835.0
2026061200,-16.6171,-112.267,297.317,101362.0
2026061200,28.0551,19.3057,298.962,101449.0
2026061200,44.1569,135.0991,291.725,100758.0
2026061200,5.8506,-122.1354,300.48,100834.0
2026061200,-33.0951,41.8577,290.693,102053.0
2026061200,-59.3714,48.3341,273.642,97127.8
2026061200,-27.96,-141.9073,293.928,101061.0
2026061200,-15.959,153.1564,297.895,101976.0
2026061200,-22.033,78.5401,295.18,102373.0
2026061200,-31.4523,-53.7227,284.837,101695.0
2026061200,-18.6762,-118.4332,297.655,101461.0
2026061200,50.7558,105.1937,287.018,101099.0
2026061200,31.9164,-35.7934,295.683,102283.0
2026061200,-48.2179,36.1501,277.349,99169.0
2026061200,7.8201,-81.1665,301.428,100817.0
2026061200,45.8533,-74.4682,296.767,100417.0
2026061200,16.1661,-155.5425,299.234,101356.0
2026061200,-50.292,-48.3178,278.656,100339.0
2026061200,28.27,-67.9019,298.337,101823.0
2026061200,-65.4372,43.6317,267.503,96679.8
2026061200,-37.5112,-114.6647,287.758,102286.0
2026061500,-86.2688,-33.5118,223.074,98486.1
2026061500,-64.6126,42.0139,268.387,96996.2
2026061500,-54.0322,-5.2539,274.235,99182.8
2026061500,5.1246,52.1926,300.269,101155.0
2026061500,13.2765,41.4556,305.708,100479.0
2026061500,-5.5405,85.1267,301.028,101016.0
2026061500,-58.5763,-136.9324,272.637,98631.4
2026061500,-24.1594,-4.302,292.969,102929.0
2026061500,-18.1106,117.4825,298.789,101609.0
2026061500,-16.6171,-112.267,297.142,101553.0
2026061500,28.0551,19.3057,294.257,101425.0
2026061500,44.1569,135.0991,285.64,101684.0
2026061500,5.8506,-122.1354,301.387,101049.0
2026061500,-33.0951,41.8577,290.363,102743.0
2026061500,-59.3714,48.3341,273.38,96706.1
2026061500,-27.96,-141.9073,292.344,101341.0
2026061500,-15.959,153.1564,298.13,101654.0
2026061500,-22.033,78.5401,295.684,101933.0
2026061500,-31.4523,-53.7227,279.861,102253.0
2026061500,-18.6762,-118.4332,297.973,101559.0
2026061500,50.7558,105.1937,287.947,100981.0
2026061500,31.9164,-35.7934,295.964,102458.0
2026061500,-48.2179,36.1501,277.375,101294.0
2026061500,7.8201,-81.1665,300.401,101126.0
2026061500,45.8533,-74.4682,289.769,100042.0
2026061500,16.1661,-155.5425,299.262,101284.0
2026061500,-50.292,-48.3178,277.36,98758.2
2026061500,28.27,-67.9019,300.162,102132.0
2026061500,-65.4372,43.6317,267.167,97271.2
2026061500,-37.5112,-114.6647,289.6,101570.0
2026061900,-86.2688,-33.5118,229.259,99581.8
2026061900,-64.6126,42.0139,265.136,98997.1
2026061900,-54.0322,-5.2539,273.094,98691.7
2026061900,5.1246,52.1926,301.091,101007.0
2026061900,13.2765,41.4556,303.225,100245.0
2026061900,-5.5405,85.1267,301.313,100988.0
2026061900,-58.5763,-136.9324,275.687,96801.6
2026061900,-24.1594,-4.302,292.743,102487.0
2026061900,-18.1106,117.4825,296.188,101949.0
2026061900,-16.6171,-112.267,297.58,101448.0
2026061900,28.0551,19.3057,296.949,101325.0
2026061900,44.1569,135.0991,290.088,101049.0
2026061900,5.8506,-122.1354,300.802,101020.0
2026061900,-33.0951,41.8577,291.896,101644.0
2026061900,-59.3714,48.3341,269.775,99284.9
2026061900,-27.96,-141.9073,293.298,102430.0
2026061900,-15.959,153.1564,298.489,101666.0
2026061900,-22.033,78.5401,293.992,101586.0
2026061900,-31.4523,-53.7227,286.07,101405.0
2026061900,-18.6762,-118.4332,297.795,101544.0
2026061900,50.7558,105.1937,279.294,102320.0
2026061900,31.9164,-35.7934,296.478,101967.0
2026061900,-48.2179,36.1501,275.373,101269.0
2026061900,7.8201,-81.1665,300.288,101156.0
2026061900,45.8533,-74.4682,289.735,99150.5
2026061900,16.1661,-155.5425,299.671,101429.0
2026061900,-50.292,-48.3178,279.188,99473.1
2026061900,28.27,-67.9019,300.504,102259.0
2026061900,-65.4372,43.6317,262.172,98860.0
2026061900,-37.5112,-114.6647,286.621,103158.0
2026062300,-86.2688,-33.5118,217.931,98351.6
2026062300,-64.6126,42.0139,267.798,98403.3
2026062300,-54.0322,-5.2539,273.676,99051.3
2026062300,5.1246,52.1926,300.509,101183.0
2026062300,13.2765,41.4556,303.629,100381.0
2026062300,-5.5405,85.1267,300.922,101058.0
2026062300,-58.5763,-136.9324,270.976,98427.4
2026062300,-24.1594,-4.302,292.179,102141.0
2026062300,-18.1106,117.4825,298.335,101702.0
2026062300,-16.6171,-112.267,297.449,101413.0
2026062300,28.0551,19.3057,294.944,101509.0
2026062300,44.1569,135.0991,288.039,101315.0
2026062300,5.8506,-122.1354,301.647,100855.0
2026062300,-33.0951,41.8577,292.44,102563.0
2026062300,-59.3714,48.3341,272.409,99574.3
2026062300,-27.96,-141.9073,294.708,101895.0
2026062300,-15.959,153.1564,298.204,101615.0
2026062300,-22.033,78.5401,295.973,101576.0
2026062300,-31.4523,-53.7227,280.356,101657.0
2026062300,-18.6762,-118.4332,296.641,101536.0
2026062300,50.7558,105.1937,284.693,101599.0
2026062300,31.9164,-35.7934,296.079,102812.0
2026062300,-48.2179,36.1501,277.19,101724.0
2026062300,7.8201,-81.1665,299.627,101076.0
2026062300,45.8533,-74.4682,291.079,101486.0
2026062300,16.1661,-155.5425,299.332,101290.0
2026062300,-50.292,-48.3178,277.529,101144.0
2026062300,28.27,-67.9019,300.624,102357.0
2026062300,-65.4372,43.6317,266.23,98388.0
2026062300,-37.5112,-114.6647,286.229,102173.0
2026062600,-86.2688,-33.5118,233.66,97466.1
2026062600,-64.6126,42.0139,264.839,99246.0
2026062600,-54.0322,-5.2539,272.923,97280.4
2026062600,5.1246,52.1926,300.049,101128.0
2026062600,13.2765,41.4556,304.454,100335.0
2026062600,-5.5405,85.1267,301.138,101082.0
2026062600,-58.5763,-136.9324,274.649,99220.1
2026062600,-24.1594,-4.302,292.513,102813.0
2026062600,-18.1106,117.4825,299.069,101726.0
2026062600,-16.6171,-112.267,296.934,101283.0
2026062600,28.0551,19.3057,296.72,101440.0
2026062600,44.1569,135.0991,294.066,100432.0
2026062600,5.8506,-122.1354,301.068,100616.0
2026062600,-33.0951,41.8577,292.386,103103.0
2026062600,-59.3714,48.3341,270.378,99500.6
2026062600,-27.96,-141.9073,294.386,101382.0
2026062600,-15.959,153.1564,298.295,101645.0
2026062600,-22.033,78.5401,295.184,102039.0
2026062600,-31.4523,-53.7227,283.472,102251.0
2026062600,-18.6762,-118.4332,296.685,101294.0
2026062600,50.7558,105.1937,290.413,100433.0
2026062600,31.9164,-35.7934,296.99,102814.0
2026062600,-48.2179,36.1501,277.013,102840.0
2026062600,7.8201,-81.1665,301.028,100817.0
2026062600,45.8533,-74.4682,293.187,101670.0
2026062600,16.1661,-155.5425,299.744,101126.0
2026062600,-50.292,-48.3178,276.852,102321.0
2026062600,28.27,-67.9019,301.148,102339.0
2026062600,-65.4372,43.6317,261.943,99045.0
2026062600,-37.5112,-114.6647,287.912,102221.0
2026063000,-86.2688,-33.5118,229.154,98617.3
2026063000,-64.6126,42.0139,271.139,97680.4
2026063000,-54.0322,-5.2539,272.999,102201.0
2026063000,5.1246,52.1926,300.029,101112.0
2026063000,13.2765,41.4556,304.951,100258.0
2026063000,-5.5405,85.1267,301.532,101046.0
2026063000,-58.5763,-136.9324,268.413,97651.7
2026063000,-24.1594,-4.302,291.541,102644.0
2026063000,-18.1106,117.4825,296.21,101443.0
2026063000,-16.6171,-112.267,296.929,101348.0
2026063000,28.0551,19.3057,297.875,101269.0
2026063000,44.1569,135.0991,292.334,101143.0
2026063000,5.8506,-122.1354,301.093,100714.0
2026063000,-33.0951,41.8577,293.401,101925.0
2026063000,-59.3714,48.3341,271.545,97882.1
2026063000,-27.96,-141.9073,293.297,101195.0
2026063000,-15.959,153.1564,298.012,101618.0
2026063000,-22.033,78.5401,296.041,101932.0
2026063000,-31.4523,-53.7227,279.257,102110.0
2026063000,-18.6762,-118.4332,297.584,101379.0
2026063000,50.7558,105.1937,293.368,100649.0
2026063000,31.9164,-35.7934,296.56,102654.0
2026063000,-48.2179,36.1501,275.722,101353.0
2026063000,7.8201,-81.1665,302.447,100727.0
2026063000,45.8533,-74.4682,295.851,101850.0
2026063000,16.1661,-155.5425,299.736,101206.0
2026063000,-50.292,-48.3178,277.135,99755.3
2026063000,28.27,-67.9019,301.366,101873.0
2026063000,-65.4372,43.6317,268.369,97859.3
2026063000,-37.5112,-114.6647,289.938,100847.0
2026070400,-86.2688,-33.5118,232.97,99504.0
2026070400,-64.6126,42.0139,262.5,100243.0
2026070400,-54.0322,-5.2539,271.28,99430.0
2026070400,5.1246,52.1926,299.27,101205.0
2026070400,13.2765,41.4556,306.05,100313.0
2026070400,-5.5405,85.1267,301.41,101096.0
2026070400,-58.5763,-136.9324,272.84,99952.0
2026070400,-24.1594,-4.302,291.83,102353.0
2026070400,-18.1106,117.4825,298.25,101810.0
2026070400,-16.6171,-112.267,296.52,101376.0
2026070400,28.0551,19.3057,299.29,101359.0
2026070400,44.1569,135.0991,293.23,100665.0
2026070400,5.8506,-122.1354,301.71,100829.0
2026070400,-33.0951,41.8577,290.8,101639.0
2026070400,-59.3714,48.3341,271.71,100284.0
2026070400,-27.96,-141.9073,292.08,101206.0
2026070400,-15.959,153.1564,298.19,101652.0
2026070400,-22.033,78.5401,295.21,102081.0
2026070400,-31.4523,-53.7227,279.3,102702.0
2026070400,-18.6762,-118.4332,296.42,101371.0
2026070400,50.7558,105.1937,291.94,100999.0
2026070400,31.9164,-35.7934,297.83,102373.0
2026070400,-48.2179,36.1501,273.69,102453.0
2026070400,7.8201,-81.1665,299.47,101036.0
2026070400,45.8533,-74.4682,297.87,100974.0
2026070400,16.1661,-155.5425,299.43,101186.0
2026070400,-50.292,-48.3178,276.64,102268.0
2026070400,28.27,-67.9019,301.0,101934.0
2026070400,-65.4372,43.6317,255.67,100245.0
2026070400,-37.5112,-114.6647,285.61,100775.0
2026070700,-86.2688,-33.5118,233.61,98112.0
2026070700,-64.6126,42.0139,271.67,96634.0
2026070700,-54.0322,-5.2539,271.48,100085.0
2026070700,5.1246,52.1926,299.33,101322.0
2026070700,13.2765,41.4556,304.28,100449.0
2026070700,-5.5405,85.1267,301.24,101172.0
2026070700,-58.5763,-136.9324,273.82,98924.0
2026070700,-24.1594,-4.302,292.47,102163.0
2026070700,-18.1106,117.4825,298.08,101760.0
2026070700,-16.6171,-112.267,297.37,101267.0
2026070700,28.0551,19.3057,297.31,101569.0
2026070700,44.1569,135.0991,294.57,101141.0
2026070700,5.8506,-122.1354,300.58,100730.0
2026070700,-33.0951,41.8577,290.38,103392.0
2026070700,-59.3714,48.3341,273.3,98062.0
2026070700,-27.96,-141.9073,291.53,100895.0
2026070700,-15.959,153.1564,297.62,101761.0
2026070700,-22.033,78.5401,295.18,101894.0
2026070700,-31.4523,-53.7227,279.4,102192.0
2026070700,-18.6762,-118.4332,297.75,101019.0
2026070700,50.7558,105.1937,294.16,100223.0
2026070700,31.9164,-35.7934,298.73,102462.0
2026070700,-48.2179,36.1501,278.3,101025.0
2026070700,7.8201,-81.1665,302.05,100809.0
2026070700,45.8533,-74.4682,295.7,101884.0
2026070700,16.1661,-155.5425,299.7,101262.0
2026070700,-50.292,-48.3178,278.16,101963.0
2026070700,28.27,-67.9019,301.62,102169.0
2026070700,-65.4372,43.6317,259.8,97237.0
2026070700,-37.5112,-114.6647,285.71,100849.0
2026071100,-86.2688,-33.5118,229.72,98369.0
2026071100,-64.6126,42.0139,261.33,99584.0
2026071100,-54.0322,-5.2539,274.36,101232.0
2026071100,5.1246,52.1926,299.42,101262.0
2026071100,13.2765,41.4556,304.3,100383.0
2026071100,-5.5405,85.1267,300.8,101219.0
2026071100,-58.5763,-136.9324,273.57,100671.0
2026071100,-24.1594,-4.302,293.61,102084.0
2026071100,-18.1106,117.4825,297.6,101874.0
2026071100,-16.6171,-112.267,297.21,101325.0
2026071100,28.0551,19.3057,298.99,101245.0
2026071100,44.1569,135.0991,296.62,100661.0
2026071100,5.8506,-122.1354,301.74,100917.0
2026071100,-33.0951,41.8577,290.89,102009.0
2026071100,-59.3714,48.3341,269.77,98409.0
2026071100,-27.96,-141.9073,293.81,101103.0
2026071100,-15.959,153.1564,297.0,101724.0
2026071100,-22.033,78.5401,294.25,102435.0
2026071100,-31.4523,-53.7227,286.37,101391.0
2026071100,-18.6762,-118.4332,295.87,101499.0
2026071100,50.7558,105.1937,283.4,100912.0
2026071100,31.9164,-35.7934,297.66,102444.0
2026071100,-48.2179,36.1501,275.53,100362.0
2026071100,7.8201,-81.1665,299.95,100824.0
2026071100,45.8533,-74.4682,293.63,101241.0
2026071100,16.1661,-155.5425,300.09,101376.0
2026071100,-50.292,-48.3178,276.85,102247.0
2026071100,28.27,-67.9019,301.55,102206.0
2026071100,-65.4372,43.6317,259.74,99676.0
2026071100,-37.5112,-114.6647,285.37,101428.0
2026071400,-86.2688,-33.5118,220.99,98870.0
2026071400,-64.6126,42.0139,254.95,99240.0
2026071400,-54.0322,-5.2539,271.78,100344.0
2026071400,5.1246,52.1926,299.32,101095.0
2026071400,13.2765,41.4556,304.38,100262.0
2026071400,-5.5405,85.1267,300.6,101099.0
2026071400,-58.5763,-136.9324,267.12,102285.0
2026071400,-24.1594,-4.302,293.0,102478.0
2026071400,-18.1106,117.4825,298.51,101843.0
2026071400,-16.6171,-112.267,297.18,101350.0
2026071400,28.0551,19.3057,298.83,101157.0
2026071400,44.1569,135.0991,298.37,100229.0
2026071400,5.8506,-122.1354,301.52,100756.0
2026071400,-33.0951,41.8577,289.75,102970.0
2026071400,-59.3714,48.3341,271.59,99265.0
2026071400,-27.96,-141.9073,290.67,100410.0
2026071400,-15.959,153.1564,297.44,101899.0
2026071400,-22.033,78.5401,295.09,101896.0
2026071400,-31.4523,-53.7227,282.15,102340.0
2026071400,-18.6762,-118.4332,297.85,101320.0
2026071400,50.7558,105.1937,286.58,100810.0
2026071400,31.9164,-35.7934,299.25,102057.0
2026071400,-48.2179,36.1501,276.89,103201.0
2026071400,7.8201,-81.1665,301.04,100934.0
2026071400,45.8533,-74.4682,296.71,101434.0
2026071400,16.1661,-155.5425,299.76,101207.0
2026071400,-50.292,-48.3178,274.13,101619.0
2026071400,28.27,-67.9019,302.35,101960.0
2026071400,-65.4372,43.6317,251.2,99112.0
2026071400,-37.5112,-114.6647,285.52,100602.0
2026071800,-86.2688,-33.5118,218.29,98883.0
2026071800,-64.6126,42.0139,259.44,97998.0
2026071800,-54.0322,-5.2539,271.14,99483.0
2026071800,5.1246,52.1926,299.36,101156.0
2026071800,13.2765,41.4556,304.54,100315.0
2026071800,-5.5405,85.1267,300.89,101030.0
2026071800,-58.5763,-136.9324,273.72,102299.0
2026071800,-24.1594,-4.302,292.83,102050.0
2026071800,-18.1106,117.4825,297.71,101838.0
2026071800,-16.6171,-112.267,297.83,101546.0
2026071800,28.0551,19.3057,299.29,101078.0
2026071800,44.1569,135.0991,294.54,100487.0
2026071800,5.8506,-122.1354,300.78,100929.0
2026071800,-33.0951,41.8577,290.55,101412.0
2026071800,-59.3714,48.3341,271.64,98837.0
2026071800,-27.96,-141.9073,291.5,101001.0
2026071800,-15.959,153.1564,296.51,101785.0
2026071800,-22.033,78.5401,294.86,102040.0
2026071800,-31.4523,-53.7227,299.17,100155.0
2026071800,-18.6762,-118.4332,298.08,101577.0
2026071800,50.7558,105.1937,290.04,99717.0
2026071800,31.9164,-35.7934,299.12,102225.0
2026071800,-48.2179,36.1501,274.66,102571.0
2026071800,7.8201,-81.1665,302.48,100864.0
2026071800,45.8533,-74.4682,292.07,101511.0
2026071800,16.1661,-155.5425,300.09,101210.0
2026071800,-50.292,-48.3178,275.51,99814.0
2026071800,28.27,-67.9019,302.31,102189.0
2026071800,-65.4372,43.6317,256.24,97879.0
2026071800,-37.5112,-114.6647,287.13,100787.0
2026072200,-86.2688,-33.5118,228.59,98917.0
2026072200,-64.6126,42.0139,256.06,98526.0
2026072200,-54.0322,-5.2539,266.76,97900.0
2026072200,5.1246,52.1926,299.43,101172.0
2026072200,13.2765,41.4556,305.2,100361.0
2026072200,-5.5405,85.1267,301.2,101153.0
2026072200,-58.5763,-136.9324,273.35,99537.0
2026072200,-24.1594,-4.302,292.63,102146.0
2026072200,-18.1106,117.4825,298.51,101993.0
2026072200,-16.6171,-112.267,297.26,101563.0
2026072200,28.0551,19.3057,300.88,101346.0
2026072200,44.1569,135.0991,292.59,100550.0
2026072200,5.8506,-122.1354,301.78,100891.0
2026072200,-33.0951,41.8577,291.13,102190.0
2026072200,-59.3714,48.3341,268.17,98689.0
2026072200,-27.96,-141.9073,290.02,101998.0
2026072200,-15.959,153.1564,297.26,101563.0
2026072200,-22.033,78.5401,295.7,102144.0
2026072200,-31.4523,-53.7227,289.11,100982.0
2026072200,-18.6762,-118.4332,297.63,101477.0
2026072200,50.7558,105.1937,291.42,100198.0
2026072200,31.9164,-35.7934,298.5,102505.0
2026072200,-48.2179,36.1501,276.18,102286.0
2026072200,7.8201,-81.1665,299.92,100794.0
2026072200,45.8533,-74.4682,291.28,100094.0
2026072200,16.1661,-155.5425,300.43,101046.0
2026072200,-50.292,-48.3178,275.99,100460.0
2026072200,28.27,-67.9019,302.44,102016.0
2026072200,-65.4372,43.6317,253.55,98166.0
2026072200,-37.5112,-114.6647,287.35,100386.0
2026072500,-86.2688,-33.5118,227.13,97973.0
2026072500,-64.6126,42.0139,267.0,98266.0
2026072500,-54.0322,-5.2539,272.38,98385.0
2026072500,5.1246,52.1926,299.38,101047.0
2026072500,13.2765,41.4556,305.57,100268.0
2026072500,-5.5405,85.1267,300.78,101114.0
2026072500,-58.5763,-136.9324,271.19,99608.0
2026072500,-24.1594,-4.302,292.64,102437.0
2026072500,-18.1106,117.4825,297.49,102068.0
2026072500,-16.6171,-112.267,296.21,101387.0
2026072500,28.0551,19.3057,303.4,100762.0
2026072500,44.1569,135.0991,289.02,101427.0
2026072500,5.8506,-122.1354,300.67,100931.0
2026072500,-33.0951,41.8577,289.58,101447.0
2026072500,-59.3714,48.3341,272.66,99717.0
2026072500,-27.96,-141.9073,293.0,100603.0
2026072500,-15.959,153.1564,297.09,101628.0
2026072500,-22.033,78.5401,295.55,101486.0
2026072500,-31.4523,-53.7227,285.52,101887.0
2026072500,-18.6762,-118.4332,296.46,101331.0
2026072500,50.7558,105.1937,291.86,100592.0
2026072500,31.9164,-35.7934,298.88,102691.0
2026072500,-48.2179,36.1501,276.94,99737.0
2026072500,7.8201,-81.1665,300.35,101005.0
2026072500,45.8533,-74.4682,293.91,101970.0
2026072500,16.1661,-155.5425,299.88,101210.0
2026072500,-50.292,-48.3178,276.48,101240.0
2026072500,28.27,-67.9019,302.01,102018.0
2026072500,-65.4372,43.6317,265.44,98235.0
2026072500,-37.5112,-114.6647,285.91,99743.0
2026072900,-86.2688,-33.5118,224.92,99355.0
2026072900,-64.6126,42.0139,264.51,98263.0
2026072900,-54.0322,-5.2539,271.55,100123.0
2026072900,5.1246,52.1926,299.48,101130.0
2026072900,13.2765,41.4556,304.73,100332.0
2026072900,-5.5405,85.1267,300.81,100971.0
2026072900,-58.5763,-136.9324,273.58,98404.0
2026072900,-24.1594,-4.302,292.55,102252.0
2026072900,-18.1106,117.4825,297.69,101786.0
2026072900,-16.6171,-112.267,297.13,101419.0
2026072900,28.0551,19.3057,300.45,101379.0
2026072900,44.1569,135.0991,295.77,100060.0
2026072900,5.8506,-122.1354,301.21,100755.0
2026072900,-33.0951,41.8577,290.65,102612.0
2026072900,-59.3714,48.3341,272.29,98130.0
2026072900,-27.96,-141.9073,292.34,100599.0
2026072900,-15.959,153.1564,297.41,101509.0
2026072900,-22.033,78.5401,294.66,102036.0
2026072900,-31.4523,-53.7227,291.02,100868.0
2026072900,-18.6762,-118.4332,297.3,101427.0
2026072900,50.7558,105.1937,292.17,100455.0
2026072900,31.9164,-35.7934,298.92,101998.0
2026072900,-48.2179,36.1501,277.55,102718.0
2026072900,7.8201,-81.1665,301.08,100839.0
2026072900,45.8533,-74.4682,292.41,100391.0
2026072900,16.1661,-155.5425,299.96,101157.0
2026072900,-50.292,-48.3178,276.02,100312.0
2026072900,28.27,-67.9019,302.27,101602.0
2026072900,-65.4372,43.6317,258.29,98446.0
2026072900,-37.5112,-114.6647,287.37,100580.0
2026080200,-86.2688,-33.5118,225.09,99153.0
2026080200,-64.6126,42.0139,255.44,98790.0
2026080200,-54.0322,-5.2539,271.67,97942.0
2026080200,5.1246,52.1926,299.23,101097.0
2026080200,13.2765,41.4556,304.51,100235.0
2026080200,-5.5405,85.1267,301.27,100888.0
2026080200,-58.5763,-136.9324,275.66,96424.0
2026080200,-24.1594,-4.302,292.6,102022.0
2026080200,-18.1106,117.4825,298.23,101562.0
2026080200,-16.6171,-112.267,296.66,101628.0
2026080200,28.0551,19.3057,297.85,100979.0
2026080200,44.1569,135.0991,288.13,101041.0
2026080200,5.8506,-122.1354,300.61,100925.0
2026080200,-33.0951,41.8577,291.78,101662.0
2026080200,-59.3714,48.3341,270.27,99028.0
2026080200,-27.96,-141.9073,290.0,102411.0
2026080200,-15.959,153.1564,296.59,101969.0
2026080200,-22.033,78.5401,294.82,101995.0
2026080200,-31.4523,-53.7227,288.17,101562.0
2026080200,-18.6762,-118.4332,297.55,101562.0
2026080200,50.7558,105.1937,291.58,100646.0
2026080200,31.9164,-35.7934,299.21,101983.0
2026080200,-48.2179,36.1501,278.32,102392.0
2026080200,7.8201,-81.1665,300.85,100795.0
2026080200,45.8533,-74.4682,294.85,101116.0
2026080200,16.1661,-155.5425,300.49,101338.0
2026080200,-50.292,-48.3178,272.04,101255.0
2026080200,28.27,-67.9019,301.68,101925.0
2026080200,-65.4372,43.6317,252.98,98530.0
2026080200,-37.5112,-114.6647,285.22,101124.0
2026080500,-86.2688,-33.5118,227.51,99269.0
2026080500,-64.6126,42.0139,265.69,95342.0
2026080500,-54.0322,-5.2539,268.54,97862.0
2026080500,5.1246,52.1926,299.12,101245.0
2026080500,13.2765,41.4556,306.33,100299.0
2026080500,-5.5405,85.1267,300.89,101034.0
2026080500,-58.5763,-136.9324,268.55,99535.0
2026080500,-24.1594,-4.302,291.94,102206.0
2026080500,-18.1106,117.4825,297.44,101614.0
2026080500,-16.6171,-112.267,297.5,101416.0
2026080500,28.0551,19.3057,297.15,101335.0
2026080500,44.1569,135.0991,300.92,100838.0
2026080500,5.8506,-122.1354,301.0,100838.0
2026080500,-33.0951,41.8577,291.65,102266.0
2026080500,-59.3714,48.3341,271.69,98749.0
2026080500,-27.96,-141.9073,293.27,101163.0
2026080500,-15.959,153.1564,296.81,101687.0
2026080500,-22.033,78.5401,294.11,102351.0
2026080500,-31.4523,-53.7227,290.97,101461.0
2026080500,-18.6762,-118.4332,295.64,101584.0
2026080500,50.7558,105.1937,293.52,100868.0
2026080500,31.9164,-35.7934,299.8,102115.0
2026080500,-48.2179,36.1501,277.85,101294.0
2026080500,7.8201,-81.1665,299.58,100903.0
2026080500,45.8533,-74.4682,295.12,101577.0
2026080500,16.1661,-155.5425,300.46,101129.0
2026080500,-50.292,-48.3178,276.79,100623.0
2026080500,28.27,-67.9019,302.04,102151.0
2026080500,-65.4372,43.6317,266.51,95538.0
2026080500,-37.5112,-114.6647,284.89,102995.0
2026080900,-86.2688,-33.5118,221.65,99453.0
2026080900,-64.6126,42.0139,262.87,97360.0
2026080900,-54.0322,-5.2539,271.53,101701.0
2026080900,5.1246,52.1926,299.37,101102.0
2026080900,13.2765,41.4556,304.86,100309.0
2026080900,-5.5405,85.1267,300.88,101008.0
2026080900,-58.5763,-136.9324,272.28,95873.0
2026080900,-24.1594,-4.302,292.24,102719.0
2026080900,-18.1106,117.4825,296.89,101583.0
2026080900,-16.6171,-112.267,296.45,101380.0
2026080900,28.0551,19.3057,300.09,101091.0
2026080900,44.1569,135.0991,289.93,101507.0
2026080900,5.8506,-122.1354,300.28,100780.0
2026080900,-33.0951,41.8577,291.04,102267.0
2026080900,-59.3714,48.3341,270.86,98572.0
2026080900,-27.96,-141.9073,291.15,101600.0
2026080900,-15.959,153.1564,297.73,101497.0
2026080900,-22.033,78.5401,294.4,102455.0
2026080900,-31.4523,-53.7227,282.41,101310.0
2026080900,-18.6762,-118.4332,296.02,101527.0
2026080900,50.7558,105.1937,291.69,100625.0
2026080900,31.9164,-35.7934,299.82,102054.0
2026080900,-48.2179,36.1501,274.17,101171.0
2026080900,7.8201,-81.1665,301.74,100758.0
2026080900,45.8533,-74.4682,294.33,101066.0
2026080900,16.1661,-155.5425,300.28,101170.0
2026080900,-50.292,-48.3178,274.85,99050.0
2026080900,28.27,-67.9019,301.76,102136.0
2026080900,-65.4372,43.6317,260.28,96991.0
2026080900,-37.5112,-114.6647,287.11,101433.0
2026081300,-86.2688,-33.5118,223.56,98037.0
2026081300,-64.6126,42.0139,260.35,98723.0
2026081300,-54.0322,-5.2539,273.54,98402.0
2026081300,5.1246,52.1926,299.16,101242.0
2026081300,13.2765,41.4556,304.73,100475.0
2026081300,-5.5405,85.1267,300.71,101184.0
2026081300,-58.5763,-136.9324,271.09,99636.0
2026081300,-24.1594,-4.302,292.99,101785.0
2026081300,-18.1106,117.4825,296.74,101727.0
2026081300,-16.6171,-112.267,297.11,101454.0
2026081300,28.0551,19.3057,300.15,101324.0
2026081300,44.1569,135.0991,292.76,101027.0
2026081300,5.8506,-122.1354,300.74,100732.0
2026081300,-33.0951,41.8577,288.65,103576.0
2026081300,-59.3714,48.3341,269.83,98922.0
2026081300,-27.96,-141.9073,290.23,102374.0
2026081300,-15.959,153.1564,297.34,101746.0
2026081300,-22.033,78.5401,294.25,102092.0
2026081300,-31.4523,-53.7227,285.27,101717.0
2026081300,-18.6762,-118.4332,296.85,101608.0
2026081300,50.7558,105.1937,289.07,100652.0
2026081300,31.9164,-35.7934,300.19,102230.0
2026081300,-48.2179,36.1501,277.68,103598.0
2026081300,7.8201,-81.1665,300.44,100853.0
2026081300,45.8533,-74.4682,291.43,100817.0
2026081300,16.1661,-155.5425,300.46,101050.0
2026081300,-50.292,-48.3178,273.34,101449.0
2026081300,28.27,-67.9019,301.84,101812.0
2026081300,-65.4372,43.6317,252.35,98558.0
2026081300,-37.5112,-114.6647,286.23,101137.0
2026081600,-86.2688,-33.5118,231.16,99714.0
2026081600,-64.6126,42.0139,256.46,98902.0
2026081600,-54.0322,-5.2539,268.95,97558.0
2026081600,5.1246,52.1926,299.42,101156.0
2026081600,13.2765,41.4556,304.86,100460.0
2026081600,-5.5405,85.1267,300.7,101132.0
2026081600,-58.5763,-136.9324,273.08,100767.0
2026081600,-24.1594,-4.302,293.27,101904.0
2026081600,-18.1106,117.4825,297.52,101766.0
2026081600,-16.6171,-112.267,297.0,101646.0
2026081600,28.0551,19.3057,298.56,101310.0
2026081600,44.1569,135.0991,293.2,100877.0
2026081600,5.8506,-122.1354,301.74,100989.0
2026081600,-33.0951,41.8577,290.51,102862.0
2026081600,-59.3714,48.3341,271.76,98334.0
2026081600,-27.96,-141.9073,288.7,101863.0
2026081600,-15.959,153.1564,296.84,101860.0
2026081600,-22.033,78.5401,294.17,101903.0
2026081600,-31.4523,-53.7227,290.38,101418.0
2026081600,-18.6762,-118.4332,297.68,101470.0
2026081600,50.7558,105.1937,286.62,100781.0
2026081600,31.9164,-35.7934,300.44,102524.0
2026081600,-48.2179,36.1501,277.87,101633.0
2026081600,7.8201,-81.1665,299.49,100920.0
2026081600,45.8533,-74.4682,290.61,102142.0
2026081600,16.1661,-155.5425,300.83,100817.0
2026081600,-50.292,-48.3178,277.69,101240.0
2026081600,28.27,-67.9019,301.9,102112.0
2026081600,-65.4372,43.6317,248.11,98784.0
2026081600,-37.5112,-114.6647,288.69,99438.0
2026082000,-86.2688,-33.5118,216.72,98417.0
2026082000,-64.6126,42.0139,257.03,96703.0
2026082000,-54.0322,-5.2539,271.55,99200.0
2026082000,5.1246,52.1926,299.05,101344.0
2026082000,13.2765,41.4556,305.22,100515.0
2026082000,-5.5405,85.1267,300.36,101226.0
2026082000,-58.5763,-136.9324,275.9,98373.0
2026082000,-24.1594,-4.302,292.54,102462.0
2026082000,-18.1106,117.4825,298.11,101875.0
2026082000,-16.6171,-112.267,297.28,101434.0
2026082000,28.0551,19.3057,300.4,101165.0
2026082000,44.1569,135.0991,294.83,101330.0
2026082000,5.8506,-122.1354,301.44,100842.0
2026082000,-33.0951,41.8577,292.21,101990.0
2026082000,-59.3714,48.3341,271.46,96573.0
2026082000,-27.96,-141.9073,292.13,100972.0
2026082000,-15.959,153.1564,296.75,101947.0
2026082000,-22.033,78.5401,293.31,102258.0
2026082000,-31.4523,-53.7227,287.19,101828.0
2026082000,-18.6762,-118.4332,295.89,101561.0
2026082000,50.7558,105.1937,286.58,101158.0
2026082000,31.9164,-35.7934,300.3,102429.0
2026082000,-48.2179,36.1501,275.07,99479.0
2026082000,7.8201,-81.1665,300.71,100856.0
2026082000,45.8533,-74.4682,290.74,101044.0
2026082000,16.1661,-155.5425,300.71,101197.0
2026082000,-50.292,-48.3178,276.64,99922.0
2026082000,28.27,-67.9019,302.28,101715.0
2026082000,-65.4372,43.6317,250.08,96747.0
2026082000,-37.5112,-114.6647,284.59,102364.0
