point_id,kind,tmfc,hf,var,value
seoul,temp,2026021700,0,t2m,272.314
seoul,temp,2026021700,0,tcld,0.0
seoul,temp,2026021700,6,t2m,276.702
seoul,temp,2026021700,6,tcld,0.0
seoul,temp,2026021700,12,t2m,272.285
seoul,temp,2026021700,12,tcld,0.0
seoul,temp,2026021700,18,t2m,273.267
seoul,temp,2026021700,18,tcld,0.0
seoul,temp,2026030500,0,t2m,276.475
seoul,temp,2026030500,0,tcld,0.964298
seoul,temp,2026030500,6,t2m,284.388
seoul,temp,2026030500,6,tcld,0.894339
seoul,temp,2026030500,12,t2m,275.227
seoul,temp,2026030500,12,tcld,1.0
seoul,temp,2026030500,18,t2m,273.427
seoul,temp,2026030500,18,tcld,0.999997
seoul,temp,2026032100,0,t2m,277.73
seoul,temp,2026032100,0,tcld,0.0
seoul,temp,2026032100,6,t2m,284.683
seoul,temp,2026032100,6,tcld,0.0
seoul,temp,2026032100,12,t2m,276.205
seoul,temp,2026032100,12,tcld,0.0982412
seoul,temp,2026032100,18,t2m,273.589
seoul,temp,2026032100,18,tcld,0.999759
seoul,temp,2026040700,0,t2m,278.466
seoul,temp,2026040700,0,tcld,0.0
seoul,temp,2026040700,6,t2m,283.45
seoul,temp,2026040700,6,tcld,0.0
seoul,temp,2026040700,12,t2m,277.257
seoul,temp,2026040700,12,tcld,0.0
seoul,temp,2026040700,18,t2m,273.518
seoul,temp,2026040700,18,tcld,0.0
seoul,temp,2026042300,0,t2m,286.978
seoul,temp,2026042300,0,tcld,0.864631
seoul,temp,2026042300,6,t2m,294.127
seoul,temp,2026042300,6,tcld,0.90272
seoul,temp,2026042300,12,t2m,285.606
seoul,temp,2026042300,12,tcld,0.999973
seoul,temp,2026042300,18,t2m,278.986
seoul,temp,2026042300,18,tcld,0.582451
seoul,temp,2026050900,0,t2m,287.278
seoul,temp,2026050900,0,tcld,0.0
seoul,temp,2026050900,6,t2m,293.349
seoul,temp,2026050900,6,tcld,0.653381
seoul,temp,2026050900,12,t2m,284.699
seoul,temp,2026050900,12,tcld,0.142894
seoul,temp,2026050900,18,t2m,281.434
seoul,temp,2026050900,18,tcld,0.0
seoul,temp,2026052500,0,t2m,295.954
seoul,temp,2026052500,0,tcld,0.675203
seoul,temp,2026052500,6,t2m,302.351
seoul,temp,2026052500,6,tcld,0.852213
seoul,temp,2026052500,12,t2m,295.8
seoul,temp,2026052500,12,tcld,1.0
seoul,temp,2026052500,18,t2m,293.308
seoul,temp,2026052500,18,tcld,1.0
seoul,temp,2026061000,0,t2m,294.336
seoul,temp,2026061000,0,tcld,0.195306
seoul,temp,2026061000,6,t2m,297.218
seoul,temp,2026061000,6,tcld,0.0
seoul,temp,2026061000,12,t2m,290.262
seoul,temp,2026061000,12,tcld,0.146793
seoul,temp,2026061000,18,t2m,287.683
seoul,temp,2026061000,18,tcld,0.193221
seoul,temp,2026062600,0,t2m,295.3
seoul,temp,2026062600,0,tcld,0.977586
seoul,temp,2026062600,6,t2m,301.281
seoul,temp,2026062600,6,tcld,0.0184122
seoul,temp,2026062600,12,t2m,295.481
seoul,temp,2026062600,12,tcld,0.995715
seoul,temp,2026062600,18,t2m,291.353
seoul,temp,2026062600,18,tcld,0.759108
seoul,temp,2026071300,0,t2m,301.5
seoul,temp,2026071300,0,tcld,0.85
seoul,temp,2026071300,6,t2m,306.28
seoul,temp,2026071300,6,tcld,0.28
seoul,temp,2026071300,12,t2m,300.7
seoul,temp,2026071300,12,tcld,0.41
seoul,temp,2026071300,18,t2m,298.94
seoul,temp,2026071300,18,tcld,1.0
seoul,temp,2026072900,0,t2m,299.2
seoul,temp,2026072900,0,tcld,1.0
seoul,temp,2026072900,6,t2m,305.24
seoul,temp,2026072900,6,tcld,0.83
seoul,temp,2026072900,12,t2m,299.35
seoul,temp,2026072900,12,tcld,1.0
seoul,temp,2026072900,18,t2m,298.07
seoul,temp,2026072900,18,tcld,1.0
seoul,temp,2026081400,0,t2m,300.13
seoul,temp,2026081400,0,tcld,1.0
seoul,temp,2026081400,6,t2m,301.94
seoul,temp,2026081400,6,tcld,1.0
seoul,temp,2026081400,12,t2m,298.15
seoul,temp,2026081400,12,tcld,1.0
seoul,temp,2026081400,18,t2m,296.46
seoul,temp,2026081400,18,tcld,1.0
seoul,sun,2026021700,4,dswrsfc,644.944
seoul,sun,2026021700,4,rss,576.355
seoul,sun,2026021700,0,ps,101557.0
seoul,sun,2026030500,4,dswrsfc,702.342
seoul,sun,2026030500,4,rss,627.603
seoul,sun,2026030500,0,ps,101670.0
seoul,sun,2026032100,4,dswrsfc,798.254
seoul,sun,2026032100,4,rss,711.47
seoul,sun,2026032100,0,ps,101665.0
sahara,temp,2026021700,0,t2m,282.88
sahara,temp,2026021700,0,tcld,0.0
sahara,temp,2026021700,6,t2m,278.942
sahara,temp,2026021700,6,tcld,0.0
sahara,temp,2026021700,12,t2m,294.157
sahara,temp,2026021700,12,tcld,0.0
sahara,temp,2026021700,18,t2m,291.948
sahara,temp,2026021700,18,tcld,0.0
sahara,temp,2026030500,0,t2m,289.572
sahara,temp,2026030500,0,tcld,0.26805
sahara,temp,2026030500,6,t2m,286.461
sahara,temp,2026030500,6,tcld,0.633114
sahara,temp,2026030500,12,t2m,300.364
sahara,temp,2026030500,12,tcld,0.0
sahara,temp,2026030500,18,t2m,297.469
sahara,temp,2026030500,18,tcld,0.0
sahara,temp,2026032100,0,t2m,293.624
sahara,temp,2026032100,0,tcld,0.0
sahara,temp,2026032100,6,t2m,291.737
sahara,temp,2026032100,6,tcld,0.150929
sahara,temp,2026032100,12,t2m,304.674
sahara,temp,2026032100,12,tcld,0.0
sahara,temp,2026032100,18,t2m,301.691
sahara,temp,2026032100,18,tcld,0.0094019
sahara,temp,2026040700,0,t2m,286.323
sahara,temp,2026040700,0,tcld,0.0
sahara,temp,2026040700,6,t2m,282.55
sahara,temp,2026040700,6,tcld,0.623546
sahara,temp,2026040700,12,t2m,295.564
sahara,temp,2026040700,12,tcld,0.0108885
sahara,temp,2026040700,18,t2m,293.681
sahara,temp,2026040700,18,tcld,0.858759
sahara,temp,2026042300,0,t2m,295.701
sahara,temp,2026042300,0,tcld,0.0739718
sahara,temp,2026042300,6,t2m,292.103
sahara,temp,2026042300,6,tcld,0.112905
sahara,temp,2026042300,12,t2m,306.684
sahara,temp,2026042300,12,tcld,0.0
sahara,temp,2026042300,18,t2m,303.181
sahara,temp,2026042300,18,tcld,0.100919
sahara,temp,2026050900,0,t2m,300.931
sahara,temp,2026050900,0,tcld,0.576748
sahara,temp,2026050900,6,t2m,298.946
sahara,temp,2026050900,6,tcld,0.195403
sahara,temp,2026050900,12,t2m,311.569
sahara,temp,2026050900,12,tcld,0.0
sahara,temp,2026050900,18,t2m,308.896
sahara,temp,2026050900,18,tcld,0.394882
sahara,temp,2026052500,0,t2m,296.424
sahara,temp,2026052500,0,tcld,0.679183
sahara,temp,2026052500,6,t2m,295.461
sahara,temp,2026052500,6,tcld,1.0
sahara,temp,2026052500,12,t2m,306.283
sahara,temp,2026052500,12,tcld,1.0
sahara,temp,2026052500,18,t2m,304.919
sahara,temp,2026052500,18,tcld,0.270823
sahara,temp,2026061000,0,t2m,299.465
sahara,temp,2026061000,0,tcld,0.664858
sahara,temp,2026061000,6,t2m,298.874
sahara,temp,2026061000,6,tcld,0.0
sahara,temp,2026061000,12,t2m,309.696
sahara,temp,2026061000,12,tcld,0.0
sahara,temp,2026061000,18,t2m,307.933
sahara,temp,2026061000,18,tcld,0.0
sahara,temp,2026062600,0,t2m,303.092
sahara,temp,2026062600,0,tcld,0.0758332
sahara,temp,2026062600,6,t2m,299.784
sahara,temp,2026062600,6,tcld,0.34874
sahara,temp,2026062600,12,t2m,311.043
sahara,temp,2026062600,12,tcld,0.0342871
sahara,temp,2026062600,18,t2m,309.427
sahara,temp,2026062600,18,tcld,0.0
sahara,temp,2026071300,0,t2m,301.93
sahara,temp,2026071300,0,tcld,0.01
sahara,temp,2026071300,6,t2m,299.24
sahara,temp,2026071300,6,tcld,0.0
sahara,temp,2026071300,12,t2m,310.19
sahara,temp,2026071300,12,tcld,0.0
sahara,temp,2026071300,18,t2m,308.45
sahara,temp,2026071300,18,tcld,0.0
sahara,temp,2026072900,0,t2m,297.97
sahara,temp,2026072900,0,tcld,0.0
sahara,temp,2026072900,6,t2m,296.26
sahara,temp,2026072900,6,tcld,0.0
sahara,temp,2026072900,12,t2m,309.05
sahara,temp,2026072900,12,tcld,0.0
sahara,temp,2026072900,18,t2m,307.12
sahara,temp,2026072900,18,tcld,0.0
sahara,temp,2026081400,0,t2m,301.36
sahara,temp,2026081400,0,tcld,0.77
sahara,temp,2026081400,6,t2m,299.19
sahara,temp,2026081400,6,tcld,0.58
sahara,temp,2026081400,12,t2m,310.23
sahara,temp,2026081400,12,tcld,0.0
sahara,temp,2026081400,18,t2m,308.74
sahara,temp,2026081400,18,tcld,0.63
sahara,sun,2026021700,11,dswrsfc,882.935
sahara,sun,2026021700,11,rss,598.159
sahara,sun,2026021700,0,ps,90991.2
sahara,sun,2026030500,11,dswrsfc,920.118
sahara,sun,2026030500,11,rss,622.166
sahara,sun,2026030500,0,ps,90619.1
sahara,sun,2026032100,11,dswrsfc,947.567
sahara,sun,2026032100,11,rss,642.636
sahara,sun,2026032100,0,ps,90134.3
antarctica,temp,2026021700,0,t2m,236.001
antarctica,temp,2026021700,0,tcld,0.999996
antarctica,temp,2026021700,6,t2m,239.186
antarctica,temp,2026021700,6,tcld,0.999997
antarctica,temp,2026021700,12,t2m,248.507
antarctica,temp,2026021700,12,tcld,1.0
antarctica,temp,2026021700,18,t2m,246.367
antarctica,temp,2026021700,18,tcld,0.999102
antarctica,temp,2026030500,0,t2m,240.548
antarctica,temp,2026030500,0,tcld,1.0
antarctica,temp,2026030500,6,t2m,247.382
antarctica,temp,2026030500,6,tcld,1.0
antarctica,temp,2026030500,12,t2m,251.296
antarctica,temp,2026030500,12,tcld,0.98919
antarctica,temp,2026030500,18,t2m,248.054
antarctica,temp,2026030500,18,tcld,1.0
antarctica,temp,2026032100,0,t2m,231.077
antarctica,temp,2026032100,0,tcld,1.0
antarctica,temp,2026032100,6,t2m,232.488
antarctica,temp,2026032100,6,tcld,1.0
antarctica,temp,2026032100,12,t2m,240.131
antarctica,temp,2026032100,12,tcld,1.0
antarctica,temp,2026032100,18,t2m,243.531
antarctica,temp,2026032100,18,tcld,1.0
antarctica,temp,2026040700,0,t2m,226.274
antarctica,temp,2026040700,0,tcld,1.0
antarctica,temp,2026040700,6,t2m,226.153
antarctica,temp,2026040700,6,tcld,1.0
antarctica,temp,2026040700,12,t2m,228.969
antarctica,temp,2026040700,12,tcld,0.714688
antarctica,temp,2026040700,18,t2m,227.878
antarctica,temp,2026040700,18,tcld,0.998335
antarctica,temp,2026042300,0,t2m,224.869
antarctica,temp,2026042300,0,tcld,0.557935
antarctica,temp,2026042300,6,t2m,226.063
antarctica,temp,2026042300,6,tcld,0.999998
antarctica,temp,2026042300,12,t2m,226.471
antarctica,temp,2026042300,12,tcld,0.998767
antarctica,temp,2026042300,18,t2m,225.326
antarctica,temp,2026042300,18,tcld,0.965631
antarctica,temp,2026050900,0,t2m,222.489
antarctica,temp,2026050900,0,tcld,0.0
antarctica,temp,2026050900,6,t2m,224.637
antarctica,temp,2026050900,6,tcld,0.991049
antarctica,temp,2026050900,12,t2m,223.332
antarctica,temp,2026050900,12,tcld,0.999911
antarctica,temp,2026050900,18,t2m,223.025
antarctica,temp,2026050900,18,tcld,0.992423
antarctica,temp,2026052500,0,t2m,227.248
antarctica,temp,2026052500,0,tcld,0.967311
antarctica,temp,2026052500,6,t2m,226.488
antarctica,temp,2026052500,6,tcld,0.802339
antarctica,temp,2026052500,12,t2m,227.16
antarctica,temp,2026052500,12,tcld,0.163514
antarctica,temp,2026052500,18,t2m,226.273
antarctica,temp,2026052500,18,tcld,1.0
antarctica,temp,2026061000,0,t2m,227.551
antarctica,temp,2026061000,0,tcld,1.0
antarctica,temp,2026061000,6,t2m,225.787
antarctica,temp,2026061000,6,tcld,1.0
antarctica,temp,2026061000,12,t2m,225.405
antarctica,temp,2026061000,12,tcld,1.0
antarctica,temp,2026061000,18,t2m,224.621
antarctica,temp,2026061000,18,tcld,1.0
antarctica,temp,2026062600,0,t2m,220.019
antarctica,temp,2026062600,0,tcld,0.0
antarctica,temp,2026062600,6,t2m,220.114
antarctica,temp,2026062600,6,tcld,0.0
antarctica,temp,2026062600,12,t2m,220.196
antarctica,temp,2026062600,12,tcld,0.0
antarctica,temp,2026062600,18,t2m,219.37
antarctica,temp,2026062600,18,tcld,0.0
antarctica,temp,2026071300,0,t2m,221.49
antarctica,temp,2026071300,0,tcld,1.0
antarctica,temp,2026071300,6,t2m,220.95
antarctica,temp,2026071300,6,tcld,1.0
antarctica,temp,2026071300,12,t2m,221.82
antarctica,temp,2026071300,12,tcld,1.0
antarctica,temp,2026071300,18,t2m,222.98
antarctica,temp,2026071300,18,tcld,1.0
antarctica,temp,2026072900,0,t2m,228.1
antarctica,temp,2026072900,0,tcld,1.0
antarctica,temp,2026072900,6,t2m,226.56
antarctica,temp,2026072900,6,tcld,1.0
antarctica,temp,2026072900,12,t2m,224.73
antarctica,temp,2026072900,12,tcld,0.9
antarctica,temp,2026072900,18,t2m,223.45
antarctica,temp,2026072900,18,tcld,0.92
antarctica,temp,2026081400,0,t2m,235.51
antarctica,temp,2026081400,0,tcld,1.0
antarctica,temp,2026081400,6,t2m,242.17
antarctica,temp,2026081400,6,tcld,1.0
antarctica,temp,2026081400,12,t2m,245.75
antarctica,temp,2026081400,12,tcld,1.0
antarctica,temp,2026081400,18,t2m,245.32
antarctica,temp,2026081400,18,tcld,1.0
antarctica,sun,2026021700,12,dswrsfc,537.023
antarctica,sun,2026021700,12,rss,96.6673
antarctica,sun,2026021700,0,ps,67868.7
antarctica,sun,2026030500,12,dswrsfc,324.995
antarctica,sun,2026030500,12,rss,58.7079
antarctica,sun,2026030500,0,ps,67076.8
antarctica,sun,2026032100,12,dswrsfc,232.375
antarctica,sun,2026032100,12,rss,41.997
antarctica,sun,2026032100,0,ps,67154.0
pacific,temp,2026021700,0,t2m,298.992
pacific,temp,2026021700,0,tcld,0.941086
pacific,temp,2026021700,6,t2m,298.863
pacific,temp,2026021700,6,tcld,0.967537
pacific,temp,2026021700,12,t2m,299.0
pacific,temp,2026021700,12,tcld,1.0
pacific,temp,2026021700,18,t2m,299.084
pacific,temp,2026021700,18,tcld,0.969244
pacific,temp,2026030500,0,t2m,299.256
pacific,temp,2026030500,0,tcld,0.960821
pacific,temp,2026030500,6,t2m,299.336
pacific,temp,2026030500,6,tcld,0.999512
pacific,temp,2026030500,12,t2m,298.79
pacific,temp,2026030500,12,tcld,0.990632
pacific,temp,2026030500,18,t2m,298.997
pacific,temp,2026030500,18,tcld,0.979433
pacific,temp,2026032100,0,t2m,299.925
pacific,temp,2026032100,0,tcld,0.996681
pacific,temp,2026032100,6,t2m,299.755
pacific,temp,2026032100,6,tcld,0.984562
pacific,temp,2026032100,12,t2m,299.556
pacific,temp,2026032100,12,tcld,0.967726
pacific,temp,2026032100,18,t2m,299.655
pacific,temp,2026032100,18,tcld,0.999997
pacific,temp,2026040700,0,t2m,300.531
pacific,temp,2026040700,0,tcld,0.997448
pacific,temp,2026040700,6,t2m,300.384
pacific,temp,2026040700,6,tcld,1.0
pacific,temp,2026040700,12,t2m,299.955
pacific,temp,2026040700,12,tcld,0.999489
pacific,temp,2026040700,18,t2m,300.158
pacific,temp,2026040700,18,tcld,1.0
pacific,temp,2026042300,0,t2m,301.091
pacific,temp,2026042300,0,tcld,0.964655
pacific,temp,2026042300,6,t2m,301.179
pacific,temp,2026042300,6,tcld,0.836742
pacific,temp,2026042300,12,t2m,301.019
pacific,temp,2026042300,12,tcld,0.976062
pacific,temp,2026042300,18,t2m,301.078
pacific,temp,2026042300,18,tcld,0.999995
pacific,temp,2026050900,0,t2m,301.367
pacific,temp,2026050900,0,tcld,1.0
pacific,temp,2026050900,6,t2m,301.2
pacific,temp,2026050900,6,tcld,1.0
pacific,temp,2026050900,12,t2m,300.84
pacific,temp,2026050900,12,tcld,1.0
pacific,temp,2026050900,18,t2m,300.772
pacific,temp,2026050900,18,tcld,0.999884
pacific,temp,2026052500,0,t2m,300.79
pacific,temp,2026052500,0,tcld,1.0
pacific,temp,2026052500,6,t2m,300.782
pacific,temp,2026052500,6,tcld,1.0
pacific,temp,2026052500,12,t2m,300.646
pacific,temp,2026052500,12,tcld,1.0
pacific,temp,2026052500,18,t2m,300.806
pacific,temp,2026052500,18,tcld,0.838897
pacific,temp,2026061000,0,t2m,301.543
pacific,temp,2026061000,0,tcld,0.993151
pacific,temp,2026061000,6,t2m,301.829
pacific,temp,2026061000,6,tcld,0.996179
pacific,temp,2026061000,12,t2m,301.32
pacific,temp,2026061000,12,tcld,0.999997
pacific,temp,2026061000,18,t2m,301.109
pacific,temp,2026061000,18,tcld,0.999832
pacific,temp,2026062600,0,t2m,302.326
pacific,temp,2026062600,0,tcld,0.999817
pacific,temp,2026062600,6,t2m,302.289
pacific,temp,2026062600,6,tcld,1.0
pacific,temp,2026062600,12,t2m,302.186
pacific,temp,2026062600,12,tcld,1.0
pacific,temp,2026062600,18,t2m,302.37
pacific,temp,2026062600,18,tcld,1.0
pacific,temp,2026071300,0,t2m,302.44
pacific,temp,2026071300,0,tcld,1.0
pacific,temp,2026071300,6,t2m,302.2
pacific,temp,2026071300,6,tcld,1.0
pacific,temp,2026071300,12,t2m,301.69
pacific,temp,2026071300,12,tcld,1.0
pacific,temp,2026071300,18,t2m,301.21
pacific,temp,2026071300,18,tcld,1.0
pacific,temp,2026072900,0,t2m,301.56
pacific,temp,2026072900,0,tcld,0.66
pacific,temp,2026072900,6,t2m,301.51
pacific,temp,2026072900,6,tcld,1.0
pacific,temp,2026072900,12,t2m,300.95
pacific,temp,2026072900,12,tcld,1.0
pacific,temp,2026072900,18,t2m,301.25
pacific,temp,2026072900,18,tcld,1.0
pacific,temp,2026081400,0,t2m,301.89
pacific,temp,2026081400,0,tcld,1.0
pacific,temp,2026081400,6,t2m,302.15
pacific,temp,2026081400,6,tcld,1.0
pacific,temp,2026081400,12,t2m,301.64
pacific,temp,2026081400,12,tcld,1.0
pacific,temp,2026081400,18,t2m,301.34
pacific,temp,2026081400,18,tcld,1.0
pacific,sun,2026021700,23,dswrsfc,974.631
pacific,sun,2026021700,23,rss,935.531
pacific,sun,2026021700,0,ps,100910.0
pacific,sun,2026030500,23,dswrsfc,918.079
pacific,sun,2026030500,23,rss,876.728
pacific,sun,2026030500,0,ps,100708.0
pacific,sun,2026032100,23,dswrsfc,972.027
pacific,sun,2026032100,23,rss,932.15
pacific,sun,2026032100,0,ps,100796.0
amazon,temp,2026021700,0,t2m,297.422
amazon,temp,2026021700,0,tcld,1.0
amazon,temp,2026021700,6,t2m,296.379
amazon,temp,2026021700,6,tcld,1.0
amazon,temp,2026021700,12,t2m,298.367
amazon,temp,2026021700,12,tcld,1.0
amazon,temp,2026021700,18,t2m,299.587
amazon,temp,2026021700,18,tcld,1.0
amazon,temp,2026030500,0,t2m,300.899
amazon,temp,2026030500,0,tcld,0.988596
amazon,temp,2026030500,6,t2m,298.779
amazon,temp,2026030500,6,tcld,0.512558
amazon,temp,2026030500,12,t2m,299.873
amazon,temp,2026030500,12,tcld,0.640885
amazon,temp,2026030500,18,t2m,302.048
amazon,temp,2026030500,18,tcld,1.0
amazon,temp,2026032100,0,t2m,299.829
amazon,temp,2026032100,0,tcld,0.998271
amazon,temp,2026032100,6,t2m,297.376
amazon,temp,2026032100,6,tcld,0.99912
amazon,temp,2026032100,12,t2m,298.965
amazon,temp,2026032100,12,tcld,0.991719
amazon,temp,2026032100,18,t2m,304.362
amazon,temp,2026032100,18,tcld,1.0
amazon,temp,2026040700,0,t2m,298.795
amazon,temp,2026040700,0,tcld,1.0
amazon,temp,2026040700,6,t2m,297.319
amazon,temp,2026040700,6,tcld,0.999992
amazon,temp,2026040700,12,t2m,299.29
amazon,temp,2026040700,12,tcld,1.0
amazon,temp,2026040700,18,t2m,302.843
amazon,temp,2026040700,18,tcld,0.999593
amazon,temp,2026042300,0,t2m,297.053
amazon,temp,2026042300,0,tcld,0.999998
amazon,temp,2026042300,6,t2m,296.54
amazon,temp,2026042300,6,tcld,1.0
amazon,temp,2026042300,12,t2m,297.236
amazon,temp,2026042300,12,tcld,0.999997
amazon,temp,2026042300,18,t2m,299.508
amazon,temp,2026042300,18,tcld,1.0
amazon,temp,2026050900,0,t2m,298.025
amazon,temp,2026050900,0,tcld,1.0
amazon,temp,2026050900,6,t2m,296.86
amazon,temp,2026050900,6,tcld,1.0
amazon,temp,2026050900,12,t2m,298.713
amazon,temp,2026050900,12,tcld,0.998923
amazon,temp,2026050900,18,t2m,301.571
amazon,temp,2026050900,18,tcld,1.0
amazon,temp,2026052500,0,t2m,298.206
amazon,temp,2026052500,0,tcld,1.0
amazon,temp,2026052500,6,t2m,296.524
amazon,temp,2026052500,6,tcld,0.998409
amazon,temp,2026052500,12,t2m,297.32
amazon,temp,2026052500,12,tcld,0.999996
amazon,temp,2026052500,18,t2m,300.226
amazon,temp,2026052500,18,tcld,1.0
amazon,temp,2026061000,0,t2m,297.848
amazon,temp,2026061000,0,tcld,0.961997
amazon,temp,2026061000,6,t2m,296.523
amazon,temp,2026061000,6,tcld,0.976778
amazon,temp,2026061000,12,t2m,298.589
amazon,temp,2026061000,12,tcld,1.0
amazon,temp,2026061000,18,t2m,301.804
amazon,temp,2026061000,18,tcld,1.0
amazon,temp,2026062600,0,t2m,297.963
amazon,temp,2026062600,0,tcld,0.99164
amazon,temp,2026062600,6,t2m,296.604
amazon,temp,2026062600,6,tcld,0.999531
amazon,temp,2026062600,12,t2m,298.477
amazon,temp,2026062600,12,tcld,0.934818
amazon,temp,2026062600,18,t2m,301.661
amazon,temp,2026062600,18,tcld,0.813865
amazon,temp,2026071300,0,t2m,299.22
amazon,temp,2026071300,0,tcld,0.51
amazon,temp,2026071300,6,t2m,297.18
amazon,temp,2026071300,6,tcld,1.0
amazon,temp,2026071300,12,t2m,299.32
amazon,temp,2026071300,12,tcld,1.0
amazon,temp,2026071300,18,t2m,303.32
amazon,temp,2026071300,18,tcld,0.93
amazon,temp,2026072900,0,t2m,299.28
amazon,temp,2026072900,0,tcld,0.99
amazon,temp,2026072900,6,t2m,297.21
amazon,temp,2026072900,6,tcld,0.89
amazon,temp,2026072900,12,t2m,299.02
amazon,temp,2026072900,12,tcld,0.78
amazon,temp,2026072900,18,t2m,303.23
amazon,temp,2026072900,18,tcld,0.52
amazon,temp,2026081400,0,t2m,300.48
amazon,temp,2026081400,0,tcld,0.16
amazon,temp,2026081400,6,t2m,297.86
amazon,temp,2026081400,6,tcld,0.0
amazon,temp,2026081400,12,t2m,299.81
amazon,temp,2026081400,12,tcld,0.0
amazon,temp,2026081400,18,t2m,305.74
amazon,temp,2026081400,18,tcld,0.05
amazon,sun,2026021700,16,dswrsfc,526.262
amazon,sun,2026021700,16,rss,448.379
amazon,sun,2026021700,0,ps,100935.0
amazon,sun,2026030500,16,dswrsfc,708.767
amazon,sun,2026030500,16,rss,606.33
amazon,sun,2026030500,0,ps,100457.0
amazon,sun,2026032100,16,dswrsfc,973.186
amazon,sun,2026032100,16,rss,834.653
amazon,sun,2026032100,0,ps,100493.0
tibet,temp,2026021700,0,t2m,254.311
tibet,temp,2026021700,0,tcld,0.126216
tibet,temp,2026021700,6,t2m,268.756
tibet,temp,2026021700,6,tcld,0.00543704
tibet,temp,2026021700,12,t2m,265.443
tibet,temp,2026021700,12,tcld,0.792912
tibet,temp,2026021700,18,t2m,259.221
tibet,temp,2026021700,18,tcld,0.783235
tibet,temp,2026030500,0,t2m,259.929
tibet,temp,2026030500,0,tcld,0.0
tibet,temp,2026030500,6,t2m,274.352
tibet,temp,2026030500,6,tcld,0.0
tibet,temp,2026030500,12,t2m,271.684
tibet,temp,2026030500,12,tcld,0.0310463
tibet,temp,2026030500,18,t2m,265.326
tibet,temp,2026030500,18,tcld,0.0
tibet,temp,2026032100,0,t2m,259.62
tibet,temp,2026032100,0,tcld,0.999933
tibet,temp,2026032100,6,t2m,273.97
tibet,temp,2026032100,6,tcld,0.692103
tibet,temp,2026032100,12,t2m,271.627
tibet,temp,2026032100,12,tcld,0.991836
tibet,temp,2026032100,18,t2m,267.143
tibet,temp,2026032100,18,tcld,0.877276
tibet,temp,2026040700,0,t2m,262.234
tibet,temp,2026040700,0,tcld,1.0
tibet,temp,2026040700,6,t2m,272.053
tibet,temp,2026040700,6,tcld,0.853826
tibet,temp,2026040700,12,t2m,270.491
tibet,temp,2026040700,12,tcld,0.798334
tibet,temp,2026040700,18,t2m,263.079
tibet,temp,2026040700,18,tcld,0.207879
tibet,temp,2026042300,0,t2m,263.754
tibet,temp,2026042300,0,tcld,0.0
tibet,temp,2026042300,6,t2m,278.818
tibet,temp,2026042300,6,tcld,0.0
tibet,temp,2026042300,12,t2m,278.351
tibet,temp,2026042300,12,tcld,0.318832
tibet,temp,2026042300,18,t2m,267.103
tibet,temp,2026042300,18,tcld,0.0
tibet,temp,2026050900,0,t2m,262.534
tibet,temp,2026050900,0,tcld,1.0
tibet,temp,2026050900,6,t2m,273.186
tibet,temp,2026050900,6,tcld,0.0
tibet,temp,2026050900,12,t2m,272.34
tibet,temp,2026050900,12,tcld,1.0
tibet,temp,2026050900,18,t2m,265.111
tibet,temp,2026050900,18,tcld,0.177459
tibet,temp,2026052500,0,t2m,267.216
tibet,temp,2026052500,0,tcld,0.0
tibet,temp,2026052500,6,t2m,279.734
tibet,temp,2026052500,6,tcld,0.993884
tibet,temp,2026052500,12,t2m,279.456
tibet,temp,2026052500,12,tcld,0.702434
tibet,temp,2026052500,18,t2m,267.993
tibet,temp,2026052500,18,tcld,0.0345111
tibet,temp,2026061000,0,t2m,270.238
tibet,temp,2026061000,0,tcld,0.998673
tibet,temp,2026061000,6,t2m,278.248
tibet,temp,2026061000,6,tcld,0.999924
tibet,temp,2026061000,12,t2m,278.184
tibet,temp,2026061000,12,tcld,0.896551
tibet,temp,2026061000,18,t2m,272.188
tibet,temp,2026061000,18,tcld,0.999369
tibet,temp,2026062600,0,t2m,271.297
tibet,temp,2026062600,0,tcld,0.999999
tibet,temp,2026062600,6,t2m,284.642
tibet,temp,2026062600,6,tcld,0.882129
tibet,temp,2026062600,12,t2m,282.403
tibet,temp,2026062600,12,tcld,0.999121
tibet,temp,2026062600,18,t2m,273.916
tibet,temp,2026062600,18,tcld,0.819953
tibet,temp,2026071300,0,t2m,277.5
tibet,temp,2026071300,0,tcld,1.0
tibet,temp,2026071300,6,t2m,285.26
tibet,temp,2026071300,6,tcld,1.0
tibet,temp,2026071300,12,t2m,283.5
tibet,temp,2026071300,12,tcld,0.96
tibet,temp,2026071300,18,t2m,279.26
tibet,temp,2026071300,18,tcld,1.0
tibet,temp,2026072900,0,t2m,275.36
tibet,temp,2026072900,0,tcld,1.0
tibet,temp,2026072900,6,t2m,283.81
tibet,temp,2026072900,6,tcld,1.0
tibet,temp,2026072900,12,t2m,284.34
tibet,temp,2026072900,12,tcld,0.89
tibet,temp,2026072900,18,t2m,275.76
tibet,temp,2026072900,18,tcld,0.5
tibet,temp,2026081400,0,t2m,274.99
tibet,temp,2026081400,0,tcld,1.0
tibet,temp,2026081400,6,t2m,287.37
tibet,temp,2026081400,6,tcld,1.0
tibet,temp,2026081400,12,t2m,280.42
tibet,temp,2026081400,12,tcld,1.0
tibet,temp,2026081400,18,t2m,278.53
tibet,temp,2026081400,18,tcld,1.0
tibet,sun,2026021700,6,dswrsfc,831.363
tibet,sun,2026021700,6,rss,618.653
tibet,sun,2026021700,0,ps,55443.8
tibet,sun,2026030500,6,dswrsfc,911.895
tibet,sun,2026030500,6,rss,678.739
tibet,sun,2026030500,0,ps,55699.4
tibet,sun,2026032100,6,dswrsfc,936.398
tibet,sun,2026032100,6,rss,699.422
tibet,sun,2026032100,0,ps,55081.3
arctic,temp,2026021700,0,t2m,250.993
arctic,temp,2026021700,0,tcld,0.301568
arctic,temp,2026021700,6,t2m,250.947
arctic,temp,2026021700,6,tcld,0.0898888
arctic,temp,2026021700,12,t2m,250.129
arctic,temp,2026021700,12,tcld,0.134792
arctic,temp,2026021700,18,t2m,248.974
arctic,temp,2026021700,18,tcld,0.598564
arctic,temp,2026030500,0,t2m,260.197
arctic,temp,2026030500,0,tcld,0.678886
arctic,temp,2026030500,6,t2m,261.412
arctic,temp,2026030500,6,tcld,0.868594
arctic,temp,2026030500,12,t2m,264.863
arctic,temp,2026030500,12,tcld,0.727876
arctic,temp,2026030500,18,t2m,262.785
arctic,temp,2026030500,18,tcld,0.344454
arctic,temp,2026032100,0,t2m,269.853
arctic,temp,2026032100,0,tcld,0.999999
arctic,temp,2026032100,6,t2m,268.68
arctic,temp,2026032100,6,tcld,0.999955
arctic,temp,2026032100,12,t2m,269.207
arctic,temp,2026032100,12,tcld,0.703411
arctic,temp,2026032100,18,t2m,262.733
arctic,temp,2026032100,18,tcld,0.973709
arctic,temp,2026040700,0,t2m,259.142
arctic,temp,2026040700,0,tcld,0.99017
arctic,temp,2026040700,6,t2m,268.438
arctic,temp,2026040700,6,tcld,0.997262
arctic,temp,2026040700,12,t2m,270.762
arctic,temp,2026040700,12,tcld,0.996432
arctic,temp,2026040700,18,t2m,267.646
arctic,temp,2026040700,18,tcld,0.990988
arctic,temp,2026042300,0,t2m,261.477
arctic,temp,2026042300,0,tcld,0.00378388
arctic,temp,2026042300,6,t2m,262.557
arctic,temp,2026042300,6,tcld,0.325197
arctic,temp,2026042300,12,t2m,264.244
arctic,temp,2026042300,12,tcld,0.075078
arctic,temp,2026042300,18,t2m,262.342
arctic,temp,2026042300,18,tcld,0.391307
arctic,temp,2026050900,0,t2m,267.515
arctic,temp,2026050900,0,tcld,0.969149
arctic,temp,2026050900,6,t2m,270.249
arctic,temp,2026050900,6,tcld,0.808285
arctic,temp,2026050900,12,t2m,271.388
arctic,temp,2026050900,12,tcld,0.896133
arctic,temp,2026050900,18,t2m,270.259
arctic,temp,2026050900,18,tcld,0.403164
arctic,temp,2026052500,0,t2m,270.371
arctic,temp,2026052500,0,tcld,0.346335
arctic,temp,2026052500,6,t2m,272.311
arctic,temp,2026052500,6,tcld,0.819286
arctic,temp,2026052500,12,t2m,273.723
arctic,temp,2026052500,12,tcld,0.848056
arctic,temp,2026052500,18,t2m,273.465
arctic,temp,2026052500,18,tcld,1.0
arctic,temp,2026061000,0,t2m,275.589
arctic,temp,2026061000,0,tcld,1.0
arctic,temp,2026061000,6,t2m,276.494
arctic,temp,2026061000,6,tcld,1.0
arctic,temp,2026061000,12,t2m,277.202
arctic,temp,2026061000,12,tcld,1.0
arctic,temp,2026061000,18,t2m,276.351
arctic,temp,2026061000,18,tcld,1.0
arctic,temp,2026062600,0,t2m,277.25
arctic,temp,2026062600,0,tcld,1.0
arctic,temp,2026062600,6,t2m,276.905
arctic,temp,2026062600,6,tcld,0.999995
arctic,temp,2026062600,12,t2m,278.393
arctic,temp,2026062600,12,tcld,0.991428
arctic,temp,2026062600,18,t2m,278.183
arctic,temp,2026062600,18,tcld,0.544371
arctic,temp,2026071300,0,t2m,277.91
arctic,temp,2026071300,0,tcld,0.0
arctic,temp,2026071300,6,t2m,278.87
arctic,temp,2026071300,6,tcld,0.0
arctic,temp,2026071300,12,t2m,276.38
arctic,temp,2026071300,12,tcld,1.0
arctic,temp,2026071300,18,t2m,275.4
arctic,temp,2026071300,18,tcld,1.0
arctic,temp,2026072900,0,t2m,276.81
arctic,temp,2026072900,0,tcld,0.0
arctic,temp,2026072900,6,t2m,279.55
arctic,temp,2026072900,6,tcld,0.0
arctic,temp,2026072900,12,t2m,282.05
arctic,temp,2026072900,12,tcld,0.54
arctic,temp,2026072900,18,t2m,281.08
arctic,temp,2026072900,18,tcld,0.21
arctic,temp,2026081400,0,t2m,274.6
arctic,temp,2026081400,0,tcld,1.0
arctic,temp,2026081400,6,t2m,275.26
arctic,temp,2026081400,6,tcld,1.0
arctic,temp,2026081400,12,t2m,276.35
arctic,temp,2026081400,12,tcld,0.79
arctic,temp,2026081400,18,t2m,276.57
arctic,temp,2026081400,18,tcld,1.0
arctic,sun,2026032100,11,dswrsfc,187.957
arctic,sun,2026032100,11,rss,133.354
arctic,sun,2026032100,0,ps,95434.7
arctic,sun,2026040700,11,dswrsfc,203.369
arctic,sun,2026040700,11,rss,139.719
arctic,sun,2026040700,0,ps,100358.0
gobi,temp,2026021700,0,t2m,263.51
gobi,temp,2026021700,0,tcld,0.0
gobi,temp,2026021700,6,t2m,274.314
gobi,temp,2026021700,6,tcld,0.0
gobi,temp,2026021700,12,t2m,269.75
gobi,temp,2026021700,12,tcld,0.0
gobi,temp,2026021700,18,t2m,266.308
gobi,temp,2026021700,18,tcld,0.0
gobi,temp,2026030500,0,t2m,265.831
gobi,temp,2026030500,0,tcld,0.0
gobi,temp,2026030500,6,t2m,273.742
gobi,temp,2026030500,6,tcld,0.0
gobi,temp,2026030500,12,t2m,271.162
gobi,temp,2026030500,12,tcld,0.976821
gobi,temp,2026030500,18,t2m,269.228
gobi,temp,2026030500,18,tcld,0.998848
gobi,temp,2026032100,0,t2m,275.457
gobi,temp,2026032100,0,tcld,0.19553
gobi,temp,2026032100,6,t2m,283.32
gobi,temp,2026032100,6,tcld,0.0
gobi,temp,2026032100,12,t2m,280.114
gobi,temp,2026032100,12,tcld,0.0
gobi,temp,2026032100,18,t2m,274.072
gobi,temp,2026032100,18,tcld,0.974725
gobi,temp,2026040700,0,t2m,280.661
gobi,temp,2026040700,0,tcld,0.0
gobi,temp,2026040700,6,t2m,295.234
gobi,temp,2026040700,6,tcld,0.0
gobi,temp,2026040700,12,t2m,291.863
gobi,temp,2026040700,12,tcld,0.0
gobi,temp,2026040700,18,t2m,287.021
gobi,temp,2026040700,18,tcld,0.987818
gobi,temp,2026042300,0,t2m,284.535
gobi,temp,2026042300,0,tcld,0.0
gobi,temp,2026042300,6,t2m,296.316
gobi,temp,2026042300,6,tcld,0.761973
gobi,temp,2026042300,12,t2m,293.032
gobi,temp,2026042300,12,tcld,0.986864
gobi,temp,2026042300,18,t2m,286.812
gobi,temp,2026042300,18,tcld,0.209696
gobi,temp,2026050900,0,t2m,289.723
gobi,temp,2026050900,0,tcld,0.0
gobi,temp,2026050900,6,t2m,299.887
gobi,temp,2026050900,6,tcld,0.634967
gobi,temp,2026050900,12,t2m,298.487
gobi,temp,2026050900,12,tcld,1.0
gobi,temp,2026050900,18,t2m,290.128
gobi,temp,2026050900,18,tcld,0.32321
gobi,temp,2026052500,0,t2m,290.056
gobi,temp,2026052500,0,tcld,0.0386678
gobi,temp,2026052500,6,t2m,298.325
gobi,temp,2026052500,6,tcld,0.668398
gobi,temp,2026052500,12,t2m,295.878
gobi,temp,2026052500,12,tcld,0.994005
gobi,temp,2026052500,18,t2m,289.916
gobi,temp,2026052500,18,tcld,0.721687
gobi,temp,2026061000,0,t2m,292.415
gobi,temp,2026061000,0,tcld,0.96755
gobi,temp,2026061000,6,t2m,302.174
gobi,temp,2026061000,6,tcld,0.871743
gobi,temp,2026061000,12,t2m,302.087
gobi,temp,2026061000,12,tcld,0.641955
gobi,temp,2026061000,18,t2m,293.403
gobi,temp,2026061000,18,tcld,0.00446905
gobi,temp,2026062600,0,t2m,296.016
gobi,temp,2026062600,0,tcld,0.0460257
gobi,temp,2026062600,6,t2m,307.097
gobi,temp,2026062600,6,tcld,0.928097
gobi,temp,2026062600,12,t2m,305.46
gobi,temp,2026062600,12,tcld,0.897167
gobi,temp,2026062600,18,t2m,297.79
gobi,temp,2026062600,18,tcld,0.849186
gobi,temp,2026071300,0,t2m,298.08
gobi,temp,2026071300,0,tcld,0.87
gobi,temp,2026071300,6,t2m,307.51
gobi,temp,2026071300,6,tcld,0.87
gobi,temp,2026071300,12,t2m,306.93
gobi,temp,2026071300,12,tcld,1.0
gobi,temp,2026071300,18,t2m,301.95
gobi,temp,2026071300,18,tcld,1.0
gobi,temp,2026072900,0,t2m,301.27
gobi,temp,2026072900,0,tcld,0.89
gobi,temp,2026072900,6,t2m,308.35
gobi,temp,2026072900,6,tcld,1.0
gobi,temp,2026072900,12,t2m,298.77
gobi,temp,2026072900,12,tcld,1.0
gobi,temp,2026072900,18,t2m,296.03
gobi,temp,2026072900,18,tcld,1.0
gobi,temp,2026081400,0,t2m,297.03
gobi,temp,2026081400,0,tcld,0.68
gobi,temp,2026081400,6,t2m,306.43
gobi,temp,2026081400,6,tcld,0.82
gobi,temp,2026081400,12,t2m,304.79
gobi,temp,2026081400,12,tcld,0.99
gobi,temp,2026081400,18,t2m,298.3
gobi,temp,2026081400,18,tcld,0.97
gobi,sun,2026021700,5,dswrsfc,640.791
gobi,sun,2026021700,5,rss,490.079
gobi,sun,2026021700,0,ps,88816.5
gobi,sun,2026030500,5,dswrsfc,722.203
gobi,sun,2026030500,5,rss,553.084
gobi,sun,2026030500,0,ps,88896.7
gobi,sun,2026032100,5,dswrsfc,804.868
gobi,sun,2026032100,5,rss,618.382
gobi,sun,2026032100,0,ps,87767.2
australia,temp,2026021700,0,t2m,302.784
australia,temp,2026021700,0,tcld,0.00257394
australia,temp,2026021700,6,t2m,307.116
australia,temp,2026021700,6,tcld,0.815667
australia,temp,2026021700,12,t2m,300.09
australia,temp,2026021700,12,tcld,0.83026
australia,temp,2026021700,18,t2m,298.93
australia,temp,2026021700,18,tcld,0.878103
australia,temp,2026030500,0,t2m,296.983
australia,temp,2026030500,0,tcld,0.0
australia,temp,2026030500,6,t2m,304.072
australia,temp,2026030500,6,tcld,0.0
australia,temp,2026030500,12,t2m,299.425
australia,temp,2026030500,12,tcld,0.0
australia,temp,2026030500,18,t2m,294.872
australia,temp,2026030500,18,tcld,0.0
australia,temp,2026032100,0,t2m,296.055
australia,temp,2026032100,0,tcld,0.75815
australia,temp,2026032100,6,t2m,302.654
australia,temp,2026032100,6,tcld,0.695953
australia,temp,2026032100,12,t2m,297.749
australia,temp,2026032100,12,tcld,0.959016
australia,temp,2026032100,18,t2m,294.466
australia,temp,2026032100,18,tcld,0.674644
australia,temp,2026040700,0,t2m,300.33
australia,temp,2026040700,0,tcld,0.0
australia,temp,2026040700,6,t2m,305.433
australia,temp,2026040700,6,tcld,0.0
australia,temp,2026040700,12,t2m,298.506
australia,temp,2026040700,12,tcld,0.0
australia,temp,2026040700,18,t2m,294.708
australia,temp,2026040700,18,tcld,0.556436
australia,temp,2026042300,0,t2m,295.559
australia,temp,2026042300,0,tcld,1.0
australia,temp,2026042300,6,t2m,301.521
australia,temp,2026042300,6,tcld,0.877226
australia,temp,2026042300,12,t2m,294.031
australia,temp,2026042300,12,tcld,0.99677
australia,temp,2026042300,18,t2m,289.539
australia,temp,2026042300,18,tcld,0.959575
australia,temp,2026050900,0,t2m,284.234
australia,temp,2026050900,0,tcld,0.0
australia,temp,2026050900,6,t2m,292.293
australia,temp,2026050900,6,tcld,0.0
australia,temp,2026050900,12,t2m,286.843
australia,temp,2026050900,12,tcld,0.0
australia,temp,2026050900,18,t2m,283.119
australia,temp,2026050900,18,tcld,0.0447699
australia,temp,2026052500,0,t2m,284.383
australia,temp,2026052500,0,tcld,0.667728
australia,temp,2026052500,6,t2m,289.745
australia,temp,2026052500,6,tcld,0.0089054
australia,temp,2026052500,12,t2m,283.86
australia,temp,2026052500,12,tcld,0.868654
australia,temp,2026052500,18,t2m,279.538
australia,temp,2026052500,18,tcld,0.611148
australia,temp,2026061000,0,t2m,290.948
australia,temp,2026061000,0,tcld,0.0
australia,temp,2026061000,6,t2m,298.708
australia,temp,2026061000,6,tcld,0.0
australia,temp,2026061000,12,t2m,289.998
australia,temp,2026061000,12,tcld,0.732962
australia,temp,2026061000,18,t2m,286.656
australia,temp,2026061000,18,tcld,0.511793
australia,temp,2026062600,0,t2m,282.366
australia,temp,2026062600,0,tcld,0.0
australia,temp,2026062600,6,t2m,290.807
australia,temp,2026062600,6,tcld,0.0
australia,temp,2026062600,12,t2m,283.182
australia,temp,2026062600,12,tcld,0.0
australia,temp,2026062600,18,t2m,279.049
australia,temp,2026062600,18,tcld,0.0
australia,temp,2026071300,0,t2m,286.84
australia,temp,2026071300,0,tcld,0.0
australia,temp,2026071300,6,t2m,293.52
australia,temp,2026071300,6,tcld,0.0
australia,temp,2026071300,12,t2m,286.81
australia,temp,2026071300,12,tcld,0.25
australia,temp,2026071300,18,t2m,282.31
australia,temp,2026071300,18,tcld,0.0
australia,temp,2026072900,0,t2m,282.87
australia,temp,2026072900,0,tcld,0.15
australia,temp,2026072900,6,t2m,290.06
australia,temp,2026072900,6,tcld,0.0
australia,temp,2026072900,12,t2m,283.68
australia,temp,2026072900,12,tcld,0.33
australia,temp,2026072900,18,t2m,279.25
australia,temp,2026072900,18,tcld,0.15
australia,temp,2026081400,0,t2m,285.38
australia,temp,2026081400,0,tcld,0.0
australia,temp,2026081400,6,t2m,294.34
australia,temp,2026081400,6,tcld,0.62
australia,temp,2026081400,12,t2m,287.77
australia,temp,2026081400,12,tcld,0.49
australia,temp,2026081400,18,t2m,284.06
australia,temp,2026081400,18,tcld,0.51
australia,sun,2026021700,3,dswrsfc,1013.68
australia,sun,2026021700,3,rss,838.614
australia,sun,2026021700,0,ps,93365.6
australia,sun,2026030500,3,dswrsfc,996.938
australia,sun,2026030500,3,rss,823.55
australia,sun,2026030500,0,ps,93782.5
australia,sun,2026032100,3,dswrsfc,906.026
australia,sun,2026032100,3,rss,750.913
australia,sun,2026032100,0,ps,94213.1
